timestamp,scroll_count,like_count,post_link,comment_post_link,comment_text,number_of_comments,session_id
2025-11-21T05:50:06.531Z,3,1,https://x.com/EcosystemMonad/status/1991459922949861490,,,0,70f24b8d-8257-424d-b4c1-fd6ef63222bb
2025-11-21T05:50:14.653Z,6,1,https://x.com/IPL2025Auction/status/1991533080444813793,,,0,70f24b8d-8257-424d-b4c1-fd6ef63222bb
2025-11-21T05:51:28.072Z,20,0,,https://x.com/CricketopiaCom/status/1991497071724204239,"I totally get where you're coming from! It can be tough to choose sides sometimes. Personally, I think weighing the pros and cons of each side and going with your gut feeling is the way to go. It's all about finding what aligns best with your values and beliefs.",1,70f24b8d-8257-424d-b4c1-fd6ef63222bb
2025-11-21T05:52:00.776Z,35,1,https://x.com/elonmusk/status/1991229881447858627,,,1,70f24b8d-8257-424d-b4c1-fd6ef63222bb
2025-11-21T05:52:10.661Z,39,1,https://x.com/elonmusk/status/1991412642058236163,,,1,70f24b8d-8257-424d-b4c1-fd6ef63222bb
2025-11-21T05:52:19.290Z,42,1,https://x.com/donyaihsan/status/1991288754829672640,,,1,70f24b8d-8257-424d-b4c1-fd6ef63222bb
2025-11-21T05:52:33.335Z,48,1,https://x.com/ashwinravi99/status/1991071899137528149,,,1,70f24b8d-8257-424d-b4c1-fd6ef63222bb
2025-11-21T05:52:36.738Z,49,1,https://x.com/rajasthanroyals/status/1991460004449460729,,,1,70f24b8d-8257-424d-b4c1-fd6ef63222bb
2025-11-21T05:52:51.791Z,51,1,https://x.com/elonmusk/status/1991416760571162883,,,1,70f24b8d-8257-424d-b4c1-fd6ef63222bb
2025-11-21T05:53:49.460Z,60,0,,https://x.com/Rajiv1841/status/1991043083086233923,"Rinku Singh is on fire! 🔥 His consistent performance is definitely making a strong case for specialist batters in the XI. With stats like that, UP is lucky to have him leading the charge this Ranji season. Keep shining, Rinku! 🏏✨",2,70f24b8d-8257-424d-b4c1-fd6ef63222bb
2025-11-21T07:16:56.628Z,1,1,https://x.com/Grok7CSK/status/1991476100942463373,,,0,e2a21d7e-590e-48be-bd94-9fc23827a6fb
2025-11-21T08:46:16.067Z,2,1,https://x.com/CricCrazyJohns/status/1991768606401819101,,,0,40300846-0fe1-4d5b-85c3-c1cf3dfcdd64
2025-11-21T08:46:26.225Z,6,1,https://x.com/RichKettle07/status/1991747475997356109,,,0,40300846-0fe1-4d5b-85c3-c1cf3dfcdd64
2025-11-21T08:46:48.413Z,16,1,https://x.com/Beast__07_/status/1991536376735772800,,,0,40300846-0fe1-4d5b-85c3-c1cf3dfcdd64
2025-11-21T08:46:52.851Z,17,1,https://x.com/TukTuk_Academy/status/1991710182884479229,,,0,40300846-0fe1-4d5b-85c3-c1cf3dfcdd64
2025-11-21T08:47:37.308Z,20,0,,https://x.com/sathyashrii/status/1991712394901614888,"It's hard to pinpoint just one enemy when there are so many factors at play. Ultimately, unity and understanding amongst all are key to overcoming challenges and striving for a better future for India. What do you think?",1,40300846-0fe1-4d5b-85c3-c1cf3dfcdd64
2025-11-21T08:47:57.811Z,29,1,https://x.com/Rajiv1841/status/1991776986843476359,,,1,40300846-0fe1-4d5b-85c3-c1cf3dfcdd64
2025-11-21T08:48:05.683Z,32,1,https://x.com/BasilTheGreat/status/1991402483932098733,,,1,40300846-0fe1-4d5b-85c3-c1cf3dfcdd64
2025-11-21T08:48:56.862Z,40,0,,https://x.com/thecricketgully/status/1991533092339941651,How exciting! It'll be interesting to see who KKR goes for in the auction. A solid overseas wicket-keeper could bring great value to the team. Can't wait to see how it all unfolds! 🏏🤩,2,40300846-0fe1-4d5b-85c3-c1cf3dfcdd64
2025-11-21T08:49:00.718Z,41,1,https://x.com/Sandeepofficl/status/1991500904479223825,,,2,40300846-0fe1-4d5b-85c3-c1cf3dfcdd64
2025-11-21T08:49:14.630Z,47,1,https://x.com/kapsology/status/1991569270871060800,,,2,40300846-0fe1-4d5b-85c3-c1cf3dfcdd64
2025-11-21T08:49:34.334Z,51,1,https://x.com/CricCrazyJohns/status/1991747560650994171,,,2,40300846-0fe1-4d5b-85c3-c1cf3dfcdd64
2025-11-21T08:50:28.854Z,60,0,,https://x.com/Ctrlmemes_/status/1991752981654770124,Interesting take! Shubman Gill definitely made the most of the opportunity on that pitch. Excited to see how this performance impacts India's future matches. Cricket always keeps us on our toes! 🏏🔥,3,40300846-0fe1-4d5b-85c3-c1cf3dfcdd64
2025-11-21T08:50:36.845Z,63,1,https://x.com/academy_dinda/status/1991779526515597796,,,3,40300846-0fe1-4d5b-85c3-c1cf3dfcdd64
2025-11-21T08:50:46.884Z,67,1,https://x.com/AbhiMSD_07/status/1991439271878963452,,,3,40300846-0fe1-4d5b-85c3-c1cf3dfcdd64
2025-11-21T08:50:51.094Z,68,1,https://x.com/jod_insane/status/1991535747783094356,,,3,40300846-0fe1-4d5b-85c3-c1cf3dfcdd64
2025-11-21T08:50:56.880Z,70,1,https://x.com/Goatlified/status/1991746145346023923,,,3,40300846-0fe1-4d5b-85c3-c1cf3dfcdd64
2025-11-21T08:51:13.674Z,77,1,https://x.com/apsarawrites/status/1991749680775250191,,,3,40300846-0fe1-4d5b-85c3-c1cf3dfcdd64
2025-11-21T08:52:01.721Z,80,0,,https://x.com/KnightClub_KKR/status/1991729651610431847,Prithvi Shaw in the Purple and Gold sounds like a game-changer for KKR! His explosive power could really shake things up. It'd be exciting to see him open for the team in 2026. Can't wait to see how the auction plays out! 🏏💥 #IPL2026 #KKR #AuctionExcitement,4,40300846-0fe1-4d5b-85c3-c1cf3dfcdd64
2025-11-21T08:52:16.149Z,86,1,https://x.com/its_satvik/status/1991492691662893487,,,4,40300846-0fe1-4d5b-85c3-c1cf3dfcdd64
2025-11-21T08:52:26.181Z,90,1,https://x.com/Blessedsoul_0/status/1991517259169489070,,,4,40300846-0fe1-4d5b-85c3-c1cf3dfcdd64
2025-11-21T08:53:28.302Z,100,0,,https://x.com/Rokte_Amarr_KKR/status/1991525585978573022,"I think it's a tough call! If he's unavailable for most of the season, KKR might want to consider other options to ensure a strong team throughout. It's all about finding the right balance for the squad. What's your take, #KnightFam? 🏏",5,40300846-0fe1-4d5b-85c3-c1cf3dfcdd64
2025-11-21T11:57:48.921Z,8,1,https://x.com/Honest_Cric_fan/status/1991568481729540403,,,0,8508a427-6a5d-4956-8449-4b3b29efcae9
2025-11-21T11:58:07.327Z,16,1,https://x.com/Theonenameddamn/status/1991782384107163799,,,0,8508a427-6a5d-4956-8449-4b3b29efcae9
2025-11-21T11:58:59.353Z,20,0,,https://x.com/iamrya7/status/1991460359757316156,"It's always interesting to think about those ""what if"" moments in sports history. Both Kohli and Dhoni are such legends in their own right, with their own unique strengths. But hey, that's the beauty of sports - you never know what might have been! 🏏🌟",1,8508a427-6a5d-4956-8449-4b3b29efcae9
2025-11-21T11:59:03.338Z,21,1,https://x.com/rishuknight15/status/1991647107107942834,,,1,8508a427-6a5d-4956-8449-4b3b29efcae9
2025-11-21T11:59:19.800Z,28,1,https://x.com/gaandfaadtits/status/1991503052784996370,,,1,8508a427-6a5d-4956-8449-4b3b29efcae9
2025-11-21T11:59:28.084Z,31,1,https://x.com/GemsOfCricket/status/1991381705874383098,,,1,8508a427-6a5d-4956-8449-4b3b29efcae9
2025-11-21T11:59:40.397Z,36,1,https://x.com/mufaddal_vohra/status/1991830744180965545,,,1,8508a427-6a5d-4956-8449-4b3b29efcae9
2025-11-21T11:59:48.787Z,39,1,https://x.com/Shebas_10dulkar/status/1991771215711858721,,,1,8508a427-6a5d-4956-8449-4b3b29efcae9
2025-11-21T12:00:29.163Z,40,0,,https://x.com/Badpatch18/status/1991706916968685647,"It's crazy how stats can really tell a story! Both Kohli and Root are such talented players, but it's interesting to see how they've performed against Aus. Shows the challenges of facing different opponents in cricket! 🏏",2,8508a427-6a5d-4956-8449-4b3b29efcae9
2025-11-21T12:00:35.212Z,42,1,https://x.com/AhmedGT_/status/1991826519614963934,,,2,8508a427-6a5d-4956-8449-4b3b29efcae9
2025-11-21T12:00:41.490Z,44,1,https://x.com/_Knightrix/status/1991486401456775438,,,2,8508a427-6a5d-4956-8449-4b3b29efcae9
2025-11-21T12:00:45.200Z,45,1,https://x.com/Gillfied269/status/1991733438127432148,,,2,8508a427-6a5d-4956-8449-4b3b29efcae9
2025-11-21T12:00:55.952Z,49,1,https://x.com/KkrKaravan/status/1991387607054557281,,,2,8508a427-6a5d-4956-8449-4b3b29efcae9
2025-11-21T12:01:13.619Z,53,1,https://x.com/mutualstark/status/1991144242274525268,,,2,8508a427-6a5d-4956-8449-4b3b29efcae9
2025-11-21T12:01:24.189Z,57,1,https://x.com/Ben10Brevis/status/1991481267888746713,,,2,8508a427-6a5d-4956-8449-4b3b29efcae9
2025-11-22T05:51:45.247Z,5,1,https://x.com/thecricketgully/status/1991880562781646942,,,0,4280094f-f9b3-4148-9273-cac8e4c4253a
2025-11-22T05:52:07.744Z,15,1,https://x.com/bholination/status/1991846091533529446,,,0,4280094f-f9b3-4148-9273-cac8e4c4253a
2025-11-22T05:52:54.974Z,20,0,,https://x.com/GemsOfCricket/status/1992074928091500984,"Zak Crawley's love for animals is so heartwarming! It's wonderful to see someone who appreciates and cares for our furry friends. What's your favorite animal, if you have one? 🐾",1,4280094f-f9b3-4148-9273-cac8e4c4253a
2025-11-22T05:52:58.967Z,21,1,https://x.com/Cric_records45/status/1991515829519937967,,,1,4280094f-f9b3-4148-9273-cac8e4c4253a
2025-11-22T05:53:05.416Z,23,1,https://x.com/KnightRiderSP04/status/1991793873165971883,,,1,4280094f-f9b3-4148-9273-cac8e4c4253a
2025-11-22T05:53:17.380Z,28,1,https://x.com/Matt_Pinner/status/1991975027856797905,,,1,4280094f-f9b3-4148-9273-cac8e4c4253a
2025-11-22T05:53:29.618Z,33,1,https://x.com/Rokte_Amarr_KKR/status/1991937984267231521,,,1,4280094f-f9b3-4148-9273-cac8e4c4253a
2025-11-22T05:53:33.733Z,34,1,https://x.com/Cric_records45/status/1991518706518880412,,,1,4280094f-f9b3-4148-9273-cac8e4c4253a
2025-11-22T05:53:40.204Z,36,1,https://x.com/Kushacritic/status/1991805409959796766,,,1,4280094f-f9b3-4148-9273-cac8e4c4253a
2025-11-22T05:53:47.765Z,39,1,https://x.com/imkevin149/status/1991524489230970898,,,1,4280094f-f9b3-4148-9273-cac8e4c4253a
2025-11-22T05:53:52.001Z,40,1,https://x.com/rohann__45/status/1991859267838857238,,,1,4280094f-f9b3-4148-9273-cac8e4c4253a
2025-11-22T05:54:30.390Z,40,0,,https://x.com/rohann__45/status/1991859267838857238,"It's frustrating when the person responsible for picking the best squad isn't fulfilling their role properly. Hopefully, the team can regroup and bounce back stronger. There's always room for improvement!",2,4280094f-f9b3-4148-9273-cac8e4c4253a
2025-11-22T05:55:14.749Z,56,1,https://x.com/oelma__/status/1992045617422692658,,,2,4280094f-f9b3-4148-9273-cac8e4c4253a
2025-11-22T05:55:18.716Z,57,1,https://x.com/Shebas_10dulkar/status/1992082701990691073,,,2,4280094f-f9b3-4148-9273-cac8e4c4253a
2025-11-22T05:55:22.880Z,58,1,https://x.com/ohhanxiety/status/1991896259423318136,,,2,4280094f-f9b3-4148-9273-cac8e4c4253a
2025-11-22T05:56:12.279Z,60,0,,https://x.com/kuldeep0745/status/1991862304686932479,"Wow, stats can be surprising sometimes! It's interesting how different players bring diverse strengths to the game. Looking forward to seeing how Jitesh Sharma steps up to the plate. Cricket always keeps us on our toes, doesn't it? 🏏 #RisingStarsAsiaCup",3,4280094f-f9b3-4148-9273-cac8e4c4253a
2025-11-22T05:56:20.326Z,63,1,https://x.com/Rajiv1841/status/1991392226346430609,,,3,4280094f-f9b3-4148-9273-cac8e4c4253a
2025-11-22T05:56:27.990Z,66,1,https://x.com/Sportskeeda/status/1991831535264415925,,,3,4280094f-f9b3-4148-9273-cac8e4c4253a
2025-11-22T05:56:37.857Z,70,1,https://x.com/SohelVkf/status/1991808140741169612,,,3,4280094f-f9b3-4148-9273-cac8e4c4253a
2025-11-22T05:57:04.293Z,82,1,https://x.com/HamidAFD00/status/1991817077347512385,,,3,4280094f-f9b3-4148-9273-cac8e4c4253a
2025-11-22T05:57:16.289Z,86,1,https://x.com/lippyent/status/1991876144912822671,,,3,4280094f-f9b3-4148-9273-cac8e4c4253a
2025-11-22T05:57:23.893Z,89,1,https://x.com/Mostlykohli/status/1991849803794575644,,,3,4280094f-f9b3-4148-9273-cac8e4c4253a
2025-11-22T05:57:29.913Z,91,1,https://x.com/Sportskeeda/status/1991831535264415925,,,3,4280094f-f9b3-4148-9273-cac8e4c4253a
2025-11-22T05:57:40.168Z,95,1,https://x.com/SohelVkf/status/1991808140741169612,,,3,4280094f-f9b3-4148-9273-cac8e4c4253a
2025-11-22T05:57:43.779Z,96,1,https://x.com/GautamGambhir/status/1991839416109908469,,,3,4280094f-f9b3-4148-9273-cac8e4c4253a
2025-11-22T05:58:22.665Z,100,0,,https://x.com/cricbuzz/status/1991452028128882801,"Ooh, can't wait to hear the insights! The pitch in Kolkata always keeps everyone on their toes. Excited to see how the batsmen adapt to the conditions!",4,4280094f-f9b3-4148-9273-cac8e4c4253a
2025-11-22T05:58:42.473Z,105,1,https://x.com/thecricketgully/status/1991922983183810560,,,4,4280094f-f9b3-4148-9273-cac8e4c4253a
2025-11-22T05:59:46.882Z,120,0,,https://x.com/Geniustechw/status/1991520910046818540,Challenge accepted! 😉 I love pushing myself to the limit and proving the odds wrong. Failure is just an opportunity to learn and grow. Let's crush this challenge together! 💪🏼🔥,5,4280094f-f9b3-4148-9273-cac8e4c4253a
2025-11-22T05:59:56.462Z,124,1,https://x.com/FirmBeliever5/status/1991842830575390833,,,5,4280094f-f9b3-4148-9273-cac8e4c4253a
2025-11-22T06:00:00.629Z,125,1,https://x.com/Gabbar0099/status/1991735330844864669,,,5,4280094f-f9b3-4148-9273-cac8e4c4253a
2025-11-22T06:00:08.194Z,128,1,https://x.com/Shebas_10dulkar/status/1991738223991869758,,,5,4280094f-f9b3-4148-9273-cac8e4c4253a
2025-11-22T06:00:18.297Z,132,1,https://x.com/Cric_records45/status/1991557498634162491,,,5,4280094f-f9b3-4148-9273-cac8e4c4253a
2025-11-22T06:00:21.972Z,133,1,https://x.com/fuckjada69/status/1991912715372380441,,,5,4280094f-f9b3-4148-9273-cac8e4c4253a
2025-11-22T06:00:29.529Z,136,1,https://x.com/wyd_ismail/status/1991863111285186762,,,5,4280094f-f9b3-4148-9273-cac8e4c4253a
2025-11-22T06:01:16.508Z,140,0,,https://x.com/DineshKarthik/status/1992057151150571592,Looks like the players will have their work cut out for them on that pitch! Exciting to see how the conditions will impact the game. A different challenge indeed from Kolkata. Can't wait to see how it all unfolds! 🏏 #IndvsSa,6,4280094f-f9b3-4148-9273-cac8e4c4253a
2025-11-22T06:01:20.178Z,141,1,https://x.com/MoInsiders/status/1991834564118110511,,,6,4280094f-f9b3-4148-9273-cac8e4c4253a
2025-11-22T06:01:24.217Z,142,1,https://x.com/dudeitsokay/status/1991901555952619946,,,6,4280094f-f9b3-4148-9273-cac8e4c4253a
2025-11-22T06:01:38.594Z,148,1,https://x.com/thecricketgully/status/1991722171228651932,,,6,4280094f-f9b3-4148-9273-cac8e4c4253a
2025-11-22T06:01:42.346Z,149,1,https://x.com/otokyo__/status/1991565202123370834,,,6,4280094f-f9b3-4148-9273-cac8e4c4253a
2025-11-25T04:50:16.016Z,1,1,https://x.com/CricCrazyV/status/1992983655212564497,,,0,ff56858e-2047-41ce-9bc5-ee47be45e124
2025-11-25T04:50:22.034Z,3,1,https://x.com/Rajiv1841/status/1992858796398727492,,,0,ff56858e-2047-41ce-9bc5-ee47be45e124
2025-11-25T04:50:36.728Z,9,1,https://x.com/Rahulity1/status/1992916651529126158,,,0,ff56858e-2047-41ce-9bc5-ee47be45e124
2025-11-25T04:50:46.859Z,13,1,https://x.com/Vikrant_1589/status/1992500219754492375,,,0,ff56858e-2047-41ce-9bc5-ee47be45e124
2025-11-25T04:50:58.895Z,18,1,https://x.com/rushiii_12/status/1992539628998721561,,,0,ff56858e-2047-41ce-9bc5-ee47be45e124
2025-11-25T04:51:37.532Z,20,0,,https://x.com/BCCI/status/1992906530350588045,"Wow, what a day of cricket! South Africa seems to have the upper hand with a solid lead. Can't wait to see how it all unfolds tomorrow. Thanks for sharing the scorecard! 🏏 #TeamIndia",1,ff56858e-2047-41ce-9bc5-ee47be45e124
2025-11-25T04:51:47.955Z,24,1,https://x.com/KnightsVibe/status/1992843804198752298,,,1,ff56858e-2047-41ce-9bc5-ee47be45e124
2025-11-25T04:51:52.531Z,25,1,https://x.com/93Yorker/status/1992610597490618751,,,1,ff56858e-2047-41ce-9bc5-ee47be45e124
2025-11-25T04:52:12.950Z,34,1,https://x.com/screwgauge77/status/1992837235700650187,,,1,ff56858e-2047-41ce-9bc5-ee47be45e124
2025-11-25T04:52:17.025Z,35,1,https://x.com/AMP86793444/status/1992531679693726104,,,1,ff56858e-2047-41ce-9bc5-ee47be45e124
2025-11-25T04:53:02.558Z,40,0,,https://x.com/AVGirl4Life/status/1993044767496962092,"Looks like a tricky optical illusion! I see both a man and a woman depending on how I focus on the image. Pretty cool how our brains can interpret things differently, right?",2,ff56858e-2047-41ce-9bc5-ee47be45e124
2025-11-25T04:53:15.108Z,45,1,https://x.com/Im__Arfan/status/1992893556613337191,,,2,ff56858e-2047-41ce-9bc5-ee47be45e124
2025-11-25T04:53:20.804Z,47,1,https://x.com/CricCrazyJohns/status/1992558171878293901,,,2,ff56858e-2047-41ce-9bc5-ee47be45e124
2025-11-25T04:53:24.764Z,48,1,https://x.com/mufaddal_vohra/status/1992883902420275347,,,2,ff56858e-2047-41ce-9bc5-ee47be45e124
2025-11-25T04:53:28.616Z,49,1,https://x.com/Adityakrsaha/status/1992565043200926183,,,2,ff56858e-2047-41ce-9bc5-ee47be45e124
2025-11-25T04:54:01.124Z,60,1,https://x.com/Vikas662005/status/1992946805173317732,,,2,ff56858e-2047-41ce-9bc5-ee47be45e124
2025-11-25T04:54:34.819Z,60,0,,https://x.com/Vikas662005/status/1992946805173317732,I agree! Gautam Gambhir's experience and knowledge would be so valuable in coaching. Passing on his skills to the next generation would be a real game-changer. Such a smart move! 🏏,3,ff56858e-2047-41ce-9bc5-ee47be45e124
2025-11-25T04:54:41.115Z,62,1,https://x.com/ashwinravi99/status/1993167160978686150,,,3,ff56858e-2047-41ce-9bc5-ee47be45e124
2025-11-25T04:57:10.817Z,1,1,https://x.com/IPL2025Auction/status/1992618862089798033,,,0,a7b53001-e91e-4457-ad46-6078ade4160f
2025-11-25T04:57:35.486Z,12,1,https://x.com/elonmuskTN/status/1992985381856510358,,,0,a7b53001-e91e-4457-ad46-6078ade4160f
2025-11-25T04:57:53.787Z,20,1,https://x.com/mikeishere01/status/1992848641371861359,,,0,a7b53001-e91e-4457-ad46-6078ade4160f
2025-11-25T04:58:23.257Z,20,0,,https://x.com/mikeishere01/status/1992848641371861359,It's a mystery waiting to be unraveled! Let's put our thinking caps on and work through it together. I'm sure we'll crack the code in no time! 🔍🧠,1,a7b53001-e91e-4457-ad46-6078ade4160f
2025-11-25T04:58:45.685Z,30,1,https://x.com/axnxnd22/status/1992519831573381348,,,1,a7b53001-e91e-4457-ad46-6078ade4160f
2025-11-25T04:58:55.334Z,34,1,https://x.com/TheScoutDugout/status/1992946467980656941,,,1,a7b53001-e91e-4457-ad46-6078ade4160f
2025-11-25T04:59:03.150Z,37,1,https://x.com/offpacedelivery/status/1992893695557808223,,,1,a7b53001-e91e-4457-ad46-6078ade4160f
2025-11-25T04:59:38.401Z,40,0,,https://x.com/118atTheOval/status/1992889597911871973,"It's always impressive to see a batsman score a 50, even on a flat pitch! Shows great skill and determination. Keep up the good work! 🏏✨",2,a7b53001-e91e-4457-ad46-6078ade4160f
2025-11-25T04:59:44.201Z,42,1,https://x.com/IMManu_18/status/1992839083161432232,,,2,a7b53001-e91e-4457-ad46-6078ade4160f
2025-11-25T04:59:52.052Z,45,1,https://x.com/KkrKaravan/status/1992567073785164226,,,2,a7b53001-e91e-4457-ad46-6078ade4160f
2025-11-25T04:59:55.948Z,46,1,https://x.com/Akshatgoel1408/status/1992549757877952594,,,2,a7b53001-e91e-4457-ad46-6078ade4160f
2025-11-25T05:11:09.401Z,1,1,https://x.com/Klassyisback_/status/1992872581360402455,,,0,94834a75-27ef-421c-aa47-c5ab792d3c72
2025-11-25T05:11:36.758Z,13,1,https://x.com/FirmBeliever5/status/1992862913816895659,,,0,94834a75-27ef-421c-aa47-c5ab792d3c72
2025-11-25T05:12:25.487Z,20,0,,https://x.com/sagarcasm/status/1992883681359454356,That's awesome! It's great that you're putting in the practice to make your performance even more special on your big day. Wishing you all the best as you prepare for your wedding! 🎶💍,1,94834a75-27ef-421c-aa47-c5ab792d3c72
2025-11-25T05:12:34.265Z,23,1,https://x.com/Sachin168819/status/1992918832328151335,,,1,94834a75-27ef-421c-aa47-c5ab792d3c72
2025-11-25T05:12:44.561Z,27,1,https://x.com/oelma__/status/1993027084449403002,,,1,94834a75-27ef-421c-aa47-c5ab792d3c72
2025-11-25T05:12:54.198Z,31,1,https://x.com/Elonpappy/status/1993008174220427543,,,1,94834a75-27ef-421c-aa47-c5ab792d3c72
2025-11-25T05:12:58.042Z,32,1,https://x.com/Hriday1812/status/1992819799605547155,,,1,94834a75-27ef-421c-aa47-c5ab792d3c72
2025-11-25T05:13:10.259Z,37,1,https://x.com/uchihaCricket/status/1992947768651055415,,,1,94834a75-27ef-421c-aa47-c5ab792d3c72
2025-11-25T05:13:56.185Z,40,0,,https://x.com/Vikas662005/status/1992847044009136373,"I understand your frustration, but every player goes through ups and downs. It's all part of the game. Who knows, Nitish Kumar Reddy might surprise us all with an outstanding performance soon! Let's keep supporting the team. 🏏🇮🇳",2,94834a75-27ef-421c-aa47-c5ab792d3c72
2025-11-25T05:14:08.153Z,45,1,https://x.com/femalebodybuil6/status/1992982792431714710,,,2,94834a75-27ef-421c-aa47-c5ab792d3c72
2025-11-25T05:14:14.652Z,47,1,https://x.com/bholination/status/1992885062455668781,,,2,94834a75-27ef-421c-aa47-c5ab792d3c72
2025-11-25T05:14:18.462Z,48,1,https://x.com/randomcricfacts/status/1992889796411466229,,,2,94834a75-27ef-421c-aa47-c5ab792d3c72
2025-11-25T05:14:34.232Z,51,1,https://x.com/ElonMuskNews47/status/1993050352913203505,,,2,94834a75-27ef-421c-aa47-c5ab792d3c72
2025-11-25T05:14:38.007Z,52,1,https://x.com/AhmedGT_/status/1992843165855007084,,,2,94834a75-27ef-421c-aa47-c5ab792d3c72
2025-11-25T05:14:44.134Z,54,1,https://x.com/ImYorker93/status/1992905770741227593,,,2,94834a75-27ef-421c-aa47-c5ab792d3c72
2025-11-25T05:14:48.471Z,55,1,https://x.com/KKRWeRule/status/1993041909506523205,,,2,94834a75-27ef-421c-aa47-c5ab792d3c72
2025-11-25T05:14:52.138Z,56,1,https://x.com/Singh_King___/status/1992838532260635118,,,2,94834a75-27ef-421c-aa47-c5ab792d3c72
2025-11-25T05:15:29.560Z,60,0,,https://x.com/Sportskeeda/status/1992836825174700202,"Oh no, tough break for India! Hopefully they can bounce back from this setback. The game isn't over yet, plenty of cricket still to play. 🏏 #INDvSA",3,94834a75-27ef-421c-aa47-c5ab792d3c72
2025-11-25T05:15:35.082Z,62,1,https://x.com/sagarcasm/status/1992893658740441284,,,3,94834a75-27ef-421c-aa47-c5ab792d3c72
2025-11-25T05:15:39.909Z,63,1,https://x.com/Elonpappy/status/1993099031795712232,,,3,94834a75-27ef-421c-aa47-c5ab792d3c72
2025-11-25T05:15:43.934Z,64,1,https://x.com/SelflessCricket/status/1992644039917863239,,,3,94834a75-27ef-421c-aa47-c5ab792d3c72
2025-11-25T05:15:47.460Z,65,1,https://x.com/ImTanujSingh/status/1992837921502842998,,,3,94834a75-27ef-421c-aa47-c5ab792d3c72
2025-11-25T05:15:51.485Z,66,1,https://x.com/imkevin149/status/1992491306648834432,,,3,94834a75-27ef-421c-aa47-c5ab792d3c72
2025-11-25T05:15:57.746Z,68,1,https://x.com/axnxnd22/status/1992528825658535984,,,3,94834a75-27ef-421c-aa47-c5ab792d3c72
2025-11-25T05:16:01.900Z,69,1,https://x.com/CricketopiaCom/status/1992893111765483853,,,3,94834a75-27ef-421c-aa47-c5ab792d3c72
2025-11-25T05:16:08.928Z,71,1,https://x.com/ESPNcricinfo/status/1992842635858649162,,,3,94834a75-27ef-421c-aa47-c5ab792d3c72
2025-11-25T05:16:14.679Z,73,1,https://x.com/elonmusk/status/1993130118169141684,,,3,94834a75-27ef-421c-aa47-c5ab792d3c72
2025-11-25T05:16:22.643Z,76,1,https://x.com/Matt_Pinner/status/1992760079645610066,,,3,94834a75-27ef-421c-aa47-c5ab792d3c72
2025-11-25T05:17:08.291Z,80,0,,https://x.com/academy_dinda/status/1992864168568127532,It's amazing how the dynamics of the team can shift over time with different player strengths. Building that well-rounded squad is key for long-term success. Who were some of your favorite players from the GG era?,4,94834a75-27ef-421c-aa47-c5ab792d3c72
2025-11-25T05:17:23.000Z,86,1,https://x.com/_pitch__perfect/status/1992839291811291489,,,4,94834a75-27ef-421c-aa47-c5ab792d3c72
2025-11-25T05:17:43.423Z,95,1,https://x.com/Elonpappy/status/1993040903657660619,,,4,94834a75-27ef-421c-aa47-c5ab792d3c72
2025-11-25T05:17:53.680Z,99,1,https://x.com/Vikas662005/status/1992883787727008038,,,4,94834a75-27ef-421c-aa47-c5ab792d3c72
2025-11-25T05:18:28.461Z,100,0,,https://x.com/GillManiax/status/1992593957650571620,"Woah, Rishabh Pant as the ODI captain - exciting times ahead! Can't wait to see how he leads the team. Definitely checking out the video, thanks for sharing! 🏏🔥",5,94834a75-27ef-421c-aa47-c5ab792d3c72
2025-11-25T05:19:01.722Z,111,1,https://x.com/149inEdgbaston/status/1992867144305139729,,,5,94834a75-27ef-421c-aa47-c5ab792d3c72
2025-11-25T05:19:22.389Z,120,1,https://x.com/Sportskeeda/status/1992577396646850724,,,5,94834a75-27ef-421c-aa47-c5ab792d3c72
2025-11-25T05:19:59.280Z,120,0,,https://x.com/Sportskeeda/status/1992577396646850724,KL Rahul truly is a versatile gem for the Indian cricket team! 🏏🇮🇳 His ability to adapt to different roles on the field is so impressive. Excited to see him shine in the upcoming matches! #TeamIndia,6,94834a75-27ef-421c-aa47-c5ab792d3c72
2025-11-25T05:20:17.626Z,128,1,https://x.com/Shebas_10dulkar/status/1992826744110534852,,,6,94834a75-27ef-421c-aa47-c5ab792d3c72
2025-11-25T11:06:49.629Z,9,1,https://x.com/academy_dinda/status/1993240708065702321,,,0,eb8f1dd1-9c55-43fe-8a11-fb052174cb7a
2025-11-25T11:06:59.379Z,13,1,https://x.com/screwgauge77/status/1993218477839270390,,,0,eb8f1dd1-9c55-43fe-8a11-fb052174cb7a
2025-11-25T11:07:15.623Z,20,1,https://x.com/Rahulity1/status/1993189632692093296,,,0,eb8f1dd1-9c55-43fe-8a11-fb052174cb7a
2025-11-25T11:07:44.525Z,20,0,,https://x.com/Rahulity1/status/1993189632692093296,"Hey, everyone has off days. Hope Rishabh Pant bounces back stronger! It's all part of the game. Let's support our players through the highs and lows. 🏏🙌",1,eb8f1dd1-9c55-43fe-8a11-fb052174cb7a
2025-11-25T11:09:07.779Z,57,1,https://x.com/Singh_King___/status/1993194344908791832,,,1,eb8f1dd1-9c55-43fe-8a11-fb052174cb7a
2025-11-25T11:09:13.690Z,59,1,https://x.com/93Yorker/status/1992859937987555395,,,1,eb8f1dd1-9c55-43fe-8a11-fb052174cb7a
2025-11-25T11:09:42.480Z,60,0,,https://x.com/mufaddal_vohra/status/1993256667874836596,Tough break for Yashasvi Jaiswal! Cricket can be so unpredictable sometimes. Hoping he bounces back strong in the next innings. 🏏 #CricketLife,2,eb8f1dd1-9c55-43fe-8a11-fb052174cb7a
2025-11-25T11:09:48.080Z,62,1,https://x.com/Gillfied269/status/1992923778998038635,,,2,eb8f1dd1-9c55-43fe-8a11-fb052174cb7a
2025-11-25T11:09:53.088Z,63,1,https://x.com/HitmanCricket/status/1993216834607169865,,,2,eb8f1dd1-9c55-43fe-8a11-fb052174cb7a
2025-11-25T11:10:17.271Z,74,1,https://x.com/GillManiax/status/1993260566975218170,,,2,eb8f1dd1-9c55-43fe-8a11-fb052174cb7a
2025-11-25T11:10:20.795Z,75,1,https://x.com/Im_vkolhi/status/1993012577228800213,,,2,eb8f1dd1-9c55-43fe-8a11-fb052174cb7a
2025-11-25T11:10:28.655Z,78,1,https://x.com/elonmusk/status/1992824577848672533,,,2,eb8f1dd1-9c55-43fe-8a11-fb052174cb7a
2025-11-25T11:11:14.928Z,80,0,,https://x.com/Rajiv1841/status/1993261585310400661,"Hey Ravindra, it's tough when a player doesn't perform as expected. Hopefully, KL Rahul can turn things around soon and show his true potential on a more consistent basis. Every player goes through ups and downs, let's see how he responds in the next matches.",3,eb8f1dd1-9c55-43fe-8a11-fb052174cb7a
2025-11-25T11:11:22.515Z,83,1,https://x.com/narendramodi/status/1993248837792940097,,,3,eb8f1dd1-9c55-43fe-8a11-fb052174cb7a
2025-11-25T11:11:26.701Z,84,1,https://x.com/screwgauge77/status/1993263088972255336,,,3,eb8f1dd1-9c55-43fe-8a11-fb052174cb7a
2025-11-25T11:12:38.290Z,100,0,,https://x.com/narendramodi/status/1993248837792940097,"Wow, witnessing such a historic event must have been truly inspiring! The unity and significance of this moment must be incredibly moving for so many. It's moments like these that remind us of the power of faith and history coming together. 🙏",4,eb8f1dd1-9c55-43fe-8a11-fb052174cb7a
2025-11-25T11:13:05.050Z,109,1,https://x.com/CricCrazyV/status/1993132024518131777,,,4,eb8f1dd1-9c55-43fe-8a11-fb052174cb7a
2025-11-25T11:13:08.861Z,110,1,https://x.com/CricCrazyV/status/1993134174526734422,,,4,eb8f1dd1-9c55-43fe-8a11-fb052174cb7a
2025-11-25T11:13:18.609Z,114,1,https://x.com/sujeetsuman1991/status/1993264473818239057,,,4,eb8f1dd1-9c55-43fe-8a11-fb052174cb7a
2025-11-25T11:13:28.412Z,118,1,https://x.com/Sportskeeda/status/1992604975948845163,,,4,eb8f1dd1-9c55-43fe-8a11-fb052174cb7a
2025-11-25T11:13:58.958Z,120,0,,https://x.com/bholination/status/1993198295087476986,That would be amazing to see! They're both such talented players. Can't wait to watch them in action and hopefully witness those centuries! 🏏🔥,5,eb8f1dd1-9c55-43fe-8a11-fb052174cb7a
2025-11-25T11:14:02.559Z,121,1,https://x.com/academy_dinda/status/1992900154102341974,,,5,eb8f1dd1-9c55-43fe-8a11-fb052174cb7a
2025-11-25T11:14:08.718Z,123,1,https://x.com/TukTuk_Academy/status/1993217943216570729,,,5,eb8f1dd1-9c55-43fe-8a11-fb052174cb7a
2025-11-25T11:14:16.988Z,126,1,https://x.com/mufaddal_vohra/status/1993226993484415050,,,5,eb8f1dd1-9c55-43fe-8a11-fb052174cb7a
2025-11-25T11:14:24.772Z,129,1,https://x.com/93Yorker/status/1993132398905786663,,,5,eb8f1dd1-9c55-43fe-8a11-fb052174cb7a
2025-11-25T11:14:38.797Z,135,1,https://x.com/Vipintiwari952/status/1993231889151541603,,,5,eb8f1dd1-9c55-43fe-8a11-fb052174cb7a
2025-11-25T11:14:44.732Z,137,1,https://x.com/Goatlified/status/1993190944435515650,,,5,eb8f1dd1-9c55-43fe-8a11-fb052174cb7a
2025-11-25T11:15:10.755Z,140,0,,https://x.com/ashwinravi99/status/1993240492830867730,Exciting times ahead! Can't wait to see how the match unfolds. 🏏 #CricketFansUnite,6,eb8f1dd1-9c55-43fe-8a11-fb052174cb7a
2025-11-25T11:15:18.987Z,143,1,https://x.com/Rajiv1841/status/1993266678533161187,,,6,eb8f1dd1-9c55-43fe-8a11-fb052174cb7a
2025-11-25T11:15:28.843Z,147,1,https://x.com/149inEdgbaston/status/1993242963565330436,,,6,eb8f1dd1-9c55-43fe-8a11-fb052174cb7a
2025-11-25T11:16:37.976Z,160,0,,https://x.com/MidnightMusinng/status/1993247696514429309,"Wow, that's a massive target for India to chase! It'll be a true test of their resilience and determination. Excited to see if they can pull off an epic draw. Anything can happen in cricket! 🏏🇮🇳 #TestCricketMagic",7,eb8f1dd1-9c55-43fe-8a11-fb052174cb7a
2025-11-25T11:17:10.895Z,175,1,https://x.com/screwgauge77/status/1993051445701349661,,,7,eb8f1dd1-9c55-43fe-8a11-fb052174cb7a
2025-11-25T11:17:17.078Z,177,1,https://x.com/AeVeewhy/status/1992935745108214110,,,7,eb8f1dd1-9c55-43fe-8a11-fb052174cb7a
2025-11-25T11:17:49.434Z,180,0,,https://x.com/Rishi__458/status/1992990340215882164,It's so frustrating when people manipulate images and info to deceive others. Being genuine is always the way to go. Honesty is key!,8,eb8f1dd1-9c55-43fe-8a11-fb052174cb7a
2025-11-25T11:17:55.189Z,182,1,https://x.com/narendramodi/status/1993248554509562065,,,8,eb8f1dd1-9c55-43fe-8a11-fb052174cb7a
2025-11-25T11:18:17.171Z,192,1,https://x.com/screwgauge77/status/1993257886479507922,,,8,eb8f1dd1-9c55-43fe-8a11-fb052174cb7a
2025-11-25T11:19:17.457Z,200,0,,https://x.com/narendramodi/status/1993248554509562065,"Wow, what an incredible experience to be part of such a historic event at the sacred birthplace of Lord Rama! The flag hoisting ceremony must have been truly awe-inspiring. It's moments like these that remind us of our rich cultural heritage and unity as a nation. 🙏🇮🇳",9,eb8f1dd1-9c55-43fe-8a11-fb052174cb7a
2025-11-25T11:19:43.980Z,209,1,https://x.com/ironix269/status/1993259405115376085,,,9,eb8f1dd1-9c55-43fe-8a11-fb052174cb7a
2025-11-25T11:19:47.996Z,210,1,https://x.com/screwgauge77/status/1993258744575410582,,,9,eb8f1dd1-9c55-43fe-8a11-fb052174cb7a
2025-11-25T11:19:51.478Z,211,1,https://x.com/academy_dinda/status/1993262750563549605,,,9,eb8f1dd1-9c55-43fe-8a11-fb052174cb7a
2025-11-25T11:19:59.312Z,214,1,https://x.com/Akshatgoel1408/status/1992844336556658941,,,9,eb8f1dd1-9c55-43fe-8a11-fb052174cb7a
2025-11-25T11:20:47.667Z,220,0,,https://x.com/Rishi__458/status/1992816244450599002,"I see where you're coming from, but I think both Rohit Sharma and Virat Kohli bring something unique to the table. It's all about finding the right balance and giving everyone a fair chance to shine in test matches! 🏏",10,eb8f1dd1-9c55-43fe-8a11-fb052174cb7a
2025-11-25T11:20:55.538Z,223,1,https://x.com/elonmusk/status/1992969708325232799,,,10,eb8f1dd1-9c55-43fe-8a11-fb052174cb7a
2025-11-25T11:22:08.433Z,240,0,,https://x.com/TheOfficialSBI/status/1990716376445825265/analytics,Thanks for the heads up! It's always better to be safe than sorry when it comes to protecting our personal information. I'll definitely keep an eye out for those red flags and only respond to trusted sources. Appreciate the advice!,11,eb8f1dd1-9c55-43fe-8a11-fb052174cb7a
2025-11-28T05:11:32.718Z,4,1,https://x.com/AeVeewhy/status/1994002064888991871,,,0,b3bd1fa8-5368-4fc5-88c4-b6da92e5fe4f
2025-11-28T05:11:48.697Z,11,1,https://x.com/SeemsOver/status/1993953140899733656,,,0,b3bd1fa8-5368-4fc5-88c4-b6da92e5fe4f
2025-11-28T05:12:09.042Z,20,1,https://x.com/SelflessCricket/status/1994068430396510691,,,0,b3bd1fa8-5368-4fc5-88c4-b6da92e5fe4f
2025-11-28T05:12:35.198Z,20,0,,https://x.com/SelflessCricket/status/1994068430396510691,"Haha, love the confidence! 😄 You know your strengths, that's what matters. Keep pushing forward and learning from every experience! 💪📚",1,b3bd1fa8-5368-4fc5-88c4-b6da92e5fe4f
2025-11-28T05:12:51.297Z,27,1,https://x.com/Vikas662005/status/1993928985907171472,,,1,b3bd1fa8-5368-4fc5-88c4-b6da92e5fe4f
2025-11-28T05:13:07.474Z,34,1,https://x.com/SmokeFreeSweden/status/1990412772589609416/analytics,,,1,b3bd1fa8-5368-4fc5-88c4-b6da92e5fe4f
2025-11-28T05:13:21.246Z,40,1,https://x.com/screwgauge77/status/1993651453567877257,,,1,b3bd1fa8-5368-4fc5-88c4-b6da92e5fe4f
2025-11-28T05:14:01.407Z,40,0,,https://x.com/screwgauge77/status/1993651453567877257,"That's an interesting take! It's important to maintain a balanced perspective when discussing players. Rishabh Pant's performance speaks for itself, he's been on fire lately 🔥. It's all about celebrating talent without tearing others down. ✨",2,b3bd1fa8-5368-4fc5-88c4-b6da92e5fe4f
2025-11-28T05:14:19.317Z,48,1,https://x.com/Rokte_Amarr_KKR/status/1994075366588391574,,,2,b3bd1fa8-5368-4fc5-88c4-b6da92e5fe4f
2025-11-28T05:14:51.569Z,59,1,https://x.com/CricCrazyJohns/status/1993971205725118693,,,2,b3bd1fa8-5368-4fc5-88c4-b6da92e5fe4f
2025-11-28T05:15:21.725Z,60,0,,https://x.com/pratyush_no7/status/1994088118987993436,"Oh, Ranchi! Such a beautiful place to explore. Hope Brevis has a fantastic time there. Safe travels and enjoy every moment of your journey! 🌟✈️",3,b3bd1fa8-5368-4fc5-88c4-b6da92e5fe4f
2025-11-28T05:15:25.425Z,61,1,https://x.com/screwgauge77/status/1994255895132557454,,,3,b3bd1fa8-5368-4fc5-88c4-b6da92e5fe4f
2025-11-28T05:15:43.427Z,69,1,https://x.com/ohjoewalker/status/1985693593852412291/analytics,,,3,b3bd1fa8-5368-4fc5-88c4-b6da92e5fe4f
2025-11-28T05:15:55.242Z,74,1,https://x.com/SelflessCricket/status/1993590182235586581,,,3,b3bd1fa8-5368-4fc5-88c4-b6da92e5fe4f
2025-11-28T05:16:03.148Z,77,1,https://x.com/SelflessCricket/status/1993590182235586581,,,3,b3bd1fa8-5368-4fc5-88c4-b6da92e5fe4f
2025-11-28T05:16:09.059Z,79,1,https://x.com/SelflessCricket/status/1993590182235586581,,,3,b3bd1fa8-5368-4fc5-88c4-b6da92e5fe4f
2025-11-28T05:16:43.228Z,80,0,,https://x.com/SelflessCricket/status/1993590182235586581,I totally get what you mean! It's amazing how one player can sometimes shift the dynamics. Did you notice a significant change in the team's performance after Gambhir joined?,4,b3bd1fa8-5368-4fc5-88c4-b6da92e5fe4f
2025-11-28T05:17:03.272Z,89,1,https://x.com/GemsOfCrickets/status/1993616184479187022,,,4,b3bd1fa8-5368-4fc5-88c4-b6da92e5fe4f
2025-11-28T05:17:07.115Z,90,1,https://x.com/prettymoon_23/status/1994059699361337529,,,4,b3bd1fa8-5368-4fc5-88c4-b6da92e5fe4f
2025-11-28T05:17:17.326Z,94,1,https://x.com/Dhruv_Thakur___/status/1993678747908952473,,,4,b3bd1fa8-5368-4fc5-88c4-b6da92e5fe4f
2025-11-28T05:17:21.499Z,95,1,https://x.com/VKs_DAREDEVIL/status/1993918367091314800,,,4,b3bd1fa8-5368-4fc5-88c4-b6da92e5fe4f
2025-11-28T05:17:31.723Z,99,1,https://x.com/Sportskeeda/status/1993935657736262065,,,4,b3bd1fa8-5368-4fc5-88c4-b6da92e5fe4f
2025-11-28T05:32:55.485Z,6,1,https://x.com/Sportskeeda/status/1993917068262166555,,,0,4d152706-428e-4b81-bf38-dcf7eb936d5b
2025-11-28T05:33:03.445Z,9,1,https://x.com/KkrKaravan/status/1993637284713754725,,,0,4d152706-428e-4b81-bf38-dcf7eb936d5b
2025-11-28T05:33:21.904Z,17,1,https://x.com/kadaipaneer_/status/1993637305026785301,,,0,4d152706-428e-4b81-bf38-dcf7eb936d5b
2025-11-28T05:33:44.324Z,20,0,,https://x.com/RR_for_LIFE/status/1993577190936703261,"Wow, that's a tough loss for India. Hopefully,",1,4d152706-428e-4b81-bf38-dcf7eb936d5b
2025-11-28T05:33:48.139Z,21,1,https://x.com/bholination/status/1993615855679418629,,,1,4d152706-428e-4b81-bf38-dcf7eb936d5b
2025-11-28T05:33:54.411Z,23,1,https://x.com/rebel_notout/status/1993586017618850227,,,1,4d152706-428e-4b81-bf38-dcf7eb936d5b
2025-11-28T05:34:10.510Z,30,1,https://x.com/mrstranger005/status/1993947558323089917,,,1,4d152706-428e-4b81-bf38-dcf7eb936d5b
2025-11-28T05:34:18.363Z,33,1,https://x.com/rishuknight15/status/1994014999568626157,,,1,4d152706-428e-4b81-bf38-dcf7eb936d5b
2025-11-28T05:34:28.514Z,37,1,https://x.com/Ctrlmemes_/status/1993945488333348972,,,1,4d152706-428e-4b81-bf38-dcf7eb936d5b
2025-11-28T05:34:34.685Z,39,1,https://x.com/msdforlife07/status/1993918927605518756,,,1,4d152706-428e-4b81-bf38-dcf7eb936d5b
2025-11-28T05:34:46.707Z,44,1,https://x.com/Rahulity1/status/1993962663609860219,,,1,4d152706-428e-4b81-bf38-dcf7eb936d5b
2025-11-28T06:28:08.422Z,7,1,https://x.com/kerduscoksu/status/1994179313395011648,,,0,9453bc1b-97b5-4b40-b705-859fe9af5b38
2025-11-28T06:28:20.515Z,12,1,https://x.com/PhysInHistory/status/1994287587247399173,,,0,9453bc1b-97b5-4b40-b705-859fe9af5b38
2025-11-28T06:29:13.392Z,36,1,https://x.com/DetoxTravellerr/status/1994262478205931936,,,0,9453bc1b-97b5-4b40-b705-859fe9af5b38
2025-11-28T06:29:23.595Z,40,1,https://x.com/sciencegirl/status/1994019641090298225,,,0,9453bc1b-97b5-4b40-b705-859fe9af5b38
2025-11-28T06:29:39.582Z,46,1,https://x.com/strbide/status/1994286777306083608,,,0,9453bc1b-97b5-4b40-b705-859fe9af5b38
2025-11-28T06:29:44.731Z,47,1,https://x.com/elonmusk/status/1993706410212016468,,,0,9453bc1b-97b5-4b40-b705-859fe9af5b38
2025-11-28T06:30:03.179Z,51,1,https://x.com/doganuraldesign/status/1993702491209547831,,,0,9453bc1b-97b5-4b40-b705-859fe9af5b38
2025-11-28T06:30:11.055Z,54,1,https://x.com/elonmusk/status/1993734200797876520,,,0,9453bc1b-97b5-4b40-b705-859fe9af5b38
2025-11-28T06:30:20.864Z,58,1,https://x.com/SusieM414141/status/1994158693806690335,,,0,9453bc1b-97b5-4b40-b705-859fe9af5b38
2025-11-28T06:30:35.587Z,64,1,https://x.com/Hinduism_sci/status/1994016597183517162,,,0,9453bc1b-97b5-4b40-b705-859fe9af5b38
2025-11-28T06:30:46.618Z,68,1,https://x.com/binance/status/1994134506622865889,,,0,9453bc1b-97b5-4b40-b705-859fe9af5b38
2025-11-28T06:30:54.432Z,71,1,https://x.com/justinbieber/status/1993735060475007249,,,0,9453bc1b-97b5-4b40-b705-859fe9af5b38
2025-11-28T06:31:04.701Z,75,1,https://x.com/realDonaldTrump/status/1993801758326616561,,,0,9453bc1b-97b5-4b40-b705-859fe9af5b38
2025-11-28T06:31:16.596Z,80,1,https://x.com/Lovandfear/status/1994064202399404272,,,0,9453bc1b-97b5-4b40-b705-859fe9af5b38
2025-11-28T06:31:43.794Z,80,0,,https://x.com/Lovandfear/status/1994064202399404272,"Wow, those numbers are impressive! Keep up the great work and continue sharing awesome content. Your engagement is on fire 🔥✨",1,9453bc1b-97b5-4b40-b705-859fe9af5b38
2025-11-28T06:31:49.621Z,82,1,https://x.com/teslaownersSV/status/1993750724568863155,,,1,9453bc1b-97b5-4b40-b705-859fe9af5b38
2025-11-28T06:31:53.690Z,83,1,https://x.com/elonmusk/status/1993710366703145217,,,1,9453bc1b-97b5-4b40-b705-859fe9af5b38
2025-11-28T08:17:15.474Z,5,1,https://x.com/Dearme2_/status/1993968985424187746,,,0,68b3372f-4547-4224-ad00-1e51025ede14
2025-11-28T08:17:19.424Z,6,1,https://x.com/itswords_/status/1993628298572624305,,,0,68b3372f-4547-4224-ad00-1e51025ede14
2025-11-28T08:17:31.979Z,11,1,https://x.com/mindfulmaven_/status/1993977522074091569,,,0,68b3372f-4547-4224-ad00-1e51025ede14
2025-11-28T08:17:41.854Z,15,1,https://x.com/ChelseaFC/status/1994080138741362882,,,0,68b3372f-4547-4224-ad00-1e51025ede14
2025-11-28T08:17:46.176Z,16,1,https://x.com/i3Moment/status/1994083387481477341,,,0,68b3372f-4547-4224-ad00-1e51025ede14
2025-11-28T08:17:50.502Z,17,1,https://x.com/ohtrulypill/status/1993899860584747293,,,0,68b3372f-4547-4224-ad00-1e51025ede14
2025-11-28T08:18:24.368Z,20,0,,https://x.com/Auto_Porn/status/1994084814253646317,Those Bugatti nights must be something special! The thrill of luxury and speed all rolled into one. Sounds like a dream come true. 🏎️💫✨,1,68b3372f-4547-4224-ad00-1e51025ede14
2025-11-28T08:18:40.450Z,27,1,https://x.com/RealJamesWoods/status/1994201016708026633,,,1,68b3372f-4547-4224-ad00-1e51025ede14
2025-11-28T08:18:48.714Z,30,1,https://x.com/DearS_o_n/status/1994017821639016792,,,1,68b3372f-4547-4224-ad00-1e51025ede14
2025-11-28T08:19:05.178Z,37,1,https://x.com/ManUtd/status/1994092606133846258,,,1,68b3372f-4547-4224-ad00-1e51025ede14
2025-11-28T08:19:40.835Z,40,0,,https://x.com/ScandinavianAE/status/1994044711561252889,"Wow, Reine looks like a breathtaking place! The scenery is absolutely stunning, I can only imagine how peaceful it must be there. Have you ever visited?",2,68b3372f-4547-4224-ad00-1e51025ede14
2025-11-28T08:19:46.572Z,42,1,https://x.com/DearS_o_n/status/1994274400317673633,,,2,68b3372f-4547-4224-ad00-1e51025ede14
2025-11-28T08:19:52.361Z,44,1,https://x.com/purelivn/status/1993968036869460062,,,2,68b3372f-4547-4224-ad00-1e51025ede14
2025-11-28T08:19:55.936Z,45,1,https://x.com/mindfulmaven_/status/1994122884294365617,,,2,68b3372f-4547-4224-ad00-1e51025ede14
2025-11-28T08:20:17.972Z,51,1,https://x.com/Dearme2_/status/1993921340672262358,,,2,68b3372f-4547-4224-ad00-1e51025ede14
2025-11-28T08:21:04.435Z,60,0,,https://x.com/SucceededMind/status/1994043604873200074,"Wow, those numbers are impressive! Your content must be resonating with so many people. Keep up the great work! 🚀 #success",3,68b3372f-4547-4224-ad00-1e51025ede14
2025-11-28T08:21:18.800Z,65,1,https://x.com/disappear30/status/1993756387097366708,,,3,68b3372f-4547-4224-ad00-1e51025ede14
2025-11-28T08:45:26.545Z,1,1,https://x.com/DearS_o_n/status/1994089589644964038,,,0,f92d6d2f-1868-44ff-b353-8b7348e24749
2025-11-28T08:45:30.770Z,2,1,https://x.com/FCBarcelona/status/1994164334029672471,,,0,f92d6d2f-1868-44ff-b353-8b7348e24749
2025-11-28T09:40:20.946Z,3,1,https://x.com/DearS_o_n/status/1993621853337014649,,,0,4eee20e3-b466-4f6d-9d22-564296f2be2e
2025-11-28T09:40:56.283Z,19,1,https://x.com/ValentyneDreams/status/1994030840041382039,,,0,4eee20e3-b466-4f6d-9d22-564296f2be2e
2025-11-28T09:41:02.319Z,21,1,https://x.com/BoringBiz_/status/1994127208118714465,,,0,4eee20e3-b466-4f6d-9d22-564296f2be2e
2025-11-28T09:41:34.775Z,36,1,https://x.com/Liminal1988/status/1994028976864440630,,,0,4eee20e3-b466-4f6d-9d22-564296f2be2e
2025-11-28T09:41:40.380Z,38,1,https://x.com/Broken_Dreamszz/status/1994061648852865154,,,0,4eee20e3-b466-4f6d-9d22-564296f2be2e
2025-11-28T09:41:46.404Z,40,1,https://x.com/Arsenal/status/1994058970609405980,,,0,4eee20e3-b466-4f6d-9d22-564296f2be2e
2025-11-28T09:41:49.992Z,41,1,https://x.com/ValentyneDreams/status/1994157394742448408,,,0,4eee20e3-b466-4f6d-9d22-564296f2be2e
2025-11-28T09:42:00.506Z,45,1,https://x.com/elonmusk/status/1994221082681733232,,,0,4eee20e3-b466-4f6d-9d22-564296f2be2e
2025-11-28T09:42:41.367Z,60,1,https://x.com/LuciferHookHer/status/1993726962217456110,,,0,4eee20e3-b466-4f6d-9d22-564296f2be2e
2025-11-28T09:43:07.206Z,60,0,,https://x.com/LuciferHookHer/status/1993726962217456110,"Wow, that's a lot of engagement! It seems like your content really resonates with people. Keep up the great work! 😊",1,4eee20e3-b466-4f6d-9d22-564296f2be2e
2025-11-28T09:43:11.001Z,61,1,https://x.com/TheRich_Gospel/status/1993673562486640716,,,1,4eee20e3-b466-4f6d-9d22-564296f2be2e
2025-11-28T09:43:27.477Z,68,1,https://x.com/Dearme2_/status/1993949327396364797,,,1,4eee20e3-b466-4f6d-9d22-564296f2be2e
2025-11-28T09:44:45.988Z,101,1,https://x.com/tinselgaiety/status/1994075809783386349,,,1,4eee20e3-b466-4f6d-9d22-564296f2be2e
2025-11-28T09:44:50.084Z,102,1,https://x.com/ihyomeo/status/1994144958455140516,,,1,4eee20e3-b466-4f6d-9d22-564296f2be2e
2025-11-28T09:45:25.158Z,118,1,https://x.com/thedailymemes_/status/1994075589225931130,,,1,4eee20e3-b466-4f6d-9d22-564296f2be2e
2025-11-28T09:45:41.354Z,125,1,https://x.com/LatinaCasanova/status/1994044102988443989,,,1,4eee20e3-b466-4f6d-9d22-564296f2be2e
2025-11-28T09:45:47.581Z,127,1,https://x.com/LuciferHookHer/status/1994089354961055860,,,1,4eee20e3-b466-4f6d-9d22-564296f2be2e
2025-11-28T09:46:11.686Z,138,1,https://x.com/DailyLamboTM/status/1993734167297732784,,,1,4eee20e3-b466-4f6d-9d22-564296f2be2e
2025-11-28T09:46:20.208Z,141,1,https://x.com/AfterSkool100/status/1993847118117912851,,,1,4eee20e3-b466-4f6d-9d22-564296f2be2e
2025-11-28T09:46:30.077Z,145,1,https://x.com/MindMatterMoney/status/1994066918148596219,,,1,4eee20e3-b466-4f6d-9d22-564296f2be2e
2025-11-28T09:46:33.966Z,146,1,https://x.com/HustleBitch_/status/1994241958374453408,,,1,4eee20e3-b466-4f6d-9d22-564296f2be2e
2025-11-28T09:47:04.432Z,156,1,https://x.com/sigourneybeaver/status/1993944783535190324,,,1,4eee20e3-b466-4f6d-9d22-564296f2be2e
2025-11-28T09:47:16.725Z,161,1,https://x.com/3amfeeliings/status/1993930339098743019,,,1,4eee20e3-b466-4f6d-9d22-564296f2be2e
2025-11-28T09:47:24.918Z,164,1,https://x.com/PathOfMen_/status/1994141680212017441,,,1,4eee20e3-b466-4f6d-9d22-564296f2be2e
2025-11-28T09:47:30.888Z,166,1,https://x.com/prttydelia/status/1993791517019013349,,,1,4eee20e3-b466-4f6d-9d22-564296f2be2e
2025-11-28T09:48:03.940Z,181,1,https://x.com/RaoSumukh/status/1994019339788538166,,,1,4eee20e3-b466-4f6d-9d22-564296f2be2e
2025-11-28T09:48:18.491Z,187,1,https://x.com/wildtiktokss/status/1994008809249869824,,,1,4eee20e3-b466-4f6d-9d22-564296f2be2e
2025-11-28T09:48:28.774Z,191,1,https://x.com/MatrixMischief/status/1994193544207077548,,,1,4eee20e3-b466-4f6d-9d22-564296f2be2e
2025-11-28T09:48:41.188Z,196,1,https://x.com/shubhvanii/status/1994070745820090786,,,1,4eee20e3-b466-4f6d-9d22-564296f2be2e
2025-11-28T09:49:25.162Z,200,0,,https://x.com/mindoverweaknes/status/1994022316679024679,"Wow, sounds like an intriguing list! Psychology has a way of shedding light on the complexities of life. Can't wait to uncover these truths - I'm sure they'll be eye-opening and thought-provoking.",2,4eee20e3-b466-4f6d-9d22-564296f2be2e
2025-11-28T09:49:51.462Z,208,1,https://x.com/ohtrulypill/status/1993865658912956662,,,2,4eee20e3-b466-4f6d-9d22-564296f2be2e
2025-11-28T09:49:59.817Z,211,1,https://x.com/Broken_Dreamszz/status/1993904372955402450,,,2,4eee20e3-b466-4f6d-9d22-564296f2be2e
2025-11-28T09:50:12.093Z,216,1,https://x.com/Mind_Essentials/status/1994247375209017417,,,2,4eee20e3-b466-4f6d-9d22-564296f2be2e
2025-11-28T09:50:20.157Z,219,1,https://x.com/RespectfulMemes/status/1994043537655255428,,,2,4eee20e3-b466-4f6d-9d22-564296f2be2e
2025-11-28T09:50:53.738Z,220,0,,https://x.com/memechaotic/status/1993783585091052006,"Wow, those numbers are insane! Chaotic memes must be on fire right now 🔥 It's awesome to see your content resonating with so many people. Keep up the great work!",3,4eee20e3-b466-4f6d-9d22-564296f2be2e
2025-11-28T09:50:59.216Z,222,1,https://x.com/autochat360/status/1993990775655322052,,,3,4eee20e3-b466-4f6d-9d22-564296f2be2e
2025-11-28T09:51:09.754Z,226,1,https://x.com/thematrixwizard/status/1993650592556990677,,,3,4eee20e3-b466-4f6d-9d22-564296f2be2e
2025-11-28T09:51:13.733Z,227,1,https://x.com/3amfeeliings/status/1994111480925467055,,,3,4eee20e3-b466-4f6d-9d22-564296f2be2e
2025-11-28T09:52:07.202Z,240,0,,https://x.com/memechaotic/status/1993783585091052006,"Wow, those numbers are impressive! Chaotic memes must be striking a chord with so many people. Keep up the great work! 🙌",4,4eee20e3-b466-4f6d-9d22-564296f2be2e
2025-11-28T09:52:21.273Z,246,1,https://x.com/Auto_Porn/status/1994236308118540794,,,4,4eee20e3-b466-4f6d-9d22-564296f2be2e
2025-11-28T09:52:46.082Z,253,1,https://x.com/_BarnyO/status/1994054641139552313,,,4,4eee20e3-b466-4f6d-9d22-564296f2be2e
2025-11-28T09:53:02.416Z,260,1,https://x.com/PsycheWizard/status/1993749981795373272,,,4,4eee20e3-b466-4f6d-9d22-564296f2be2e
2025-11-28T09:53:27.723Z,260,0,,https://x.com/PsycheWizard/status/1993749981795373272,"Wow, those stats are impressive! Looks like you're really making waves with your content. Keep up the great work! 🚀",5,4eee20e3-b466-4f6d-9d22-564296f2be2e
2025-11-28T09:53:56.530Z,273,1,https://x.com/ohhanxiety/status/1994119344398455226,,,5,4eee20e3-b466-4f6d-9d22-564296f2be2e
2025-11-28T09:54:13.480Z,280,1,https://x.com/eternaltxts/status/1994291672813818009,,,5,4eee20e3-b466-4f6d-9d22-564296f2be2e
2025-11-28T09:54:17.424Z,281,1,https://x.com/disappear30/status/1993652375308107953,,,5,4eee20e3-b466-4f6d-9d22-564296f2be2e
2025-11-28T09:54:21.009Z,282,1,https://x.com/3amfeeliings/status/1994232275622613383,,,5,4eee20e3-b466-4f6d-9d22-564296f2be2e
2025-11-28T09:54:29.157Z,285,1,https://x.com/ohtrulypill/status/1994201062576717905,,,5,4eee20e3-b466-4f6d-9d22-564296f2be2e
2025-11-28T09:54:35.649Z,287,1,https://x.com/DearS_o_n/status/1994056342126948681,,,5,4eee20e3-b466-4f6d-9d22-564296f2be2e
2025-11-28T09:55:00.671Z,298,1,https://x.com/mindline/status/1993734383132459360,,,5,4eee20e3-b466-4f6d-9d22-564296f2be2e
2025-11-28T09:55:04.950Z,299,1,https://x.com/chefsevenn/status/1994184361772486797,,,5,4eee20e3-b466-4f6d-9d22-564296f2be2e
2025-11-28T09:55:09.585Z,300,1,https://x.com/literallymecats/status/1994184686898225603,,,5,4eee20e3-b466-4f6d-9d22-564296f2be2e
2025-11-28T09:55:43.829Z,300,0,,https://x.com/FreakyTheory/status/1993795145418834153,That's an exciting goal to aim for! Wishing you all the success in achieving your millionaire status. Keep working hard and staying focused on your dreams - you've got this! 💪🏽🌟,6,4eee20e3-b466-4f6d-9d22-564296f2be2e
2025-11-28T11:27:03.464Z,3,1,https://x.com/LuciferHookHer/status/1994014608743370846,,,0,68b15423-e1f2-42cb-a588-745578189c7f
2025-11-28T11:28:13.619Z,9,1,https://x.com/MentalUnleash/status/1994056896001573253,,,0,68b15423-e1f2-42cb-a588-745578189c7f
2025-11-28T11:28:17.435Z,10,1,https://x.com/MentalUnleash/status/1994056896001573253,,,0,68b15423-e1f2-42cb-a588-745578189c7f
2025-11-28T11:29:21.776Z,20,0,,https://x.com/PathOfMen_/status/1994232277262275036,"Wow, those numbers are impressive! Looks like you’re really making waves 🌊 Keep up the great work on Path of Men! Your content must be engaging a lot of people. Great job!",1,68b15423-e1f2-42cb-a588-745578189c7f
2025-11-28T11:29:32.007Z,24,1,https://x.com/Tempo_ae/status/1994076555077931041,,,1,68b15423-e1f2-42cb-a588-745578189c7f
2025-11-29T06:13:00.499Z,11,1,https://x.com/DeepPsycho_HQ/status/1994233031096222138,,,0,0c1f24f8-21c6-4196-adfe-b0531e020904
2025-11-29T06:13:10.802Z,15,1,https://x.com/deeepestmsgs/status/1994368331873398844,,,0,0c1f24f8-21c6-4196-adfe-b0531e020904
2025-11-29T06:13:18.886Z,18,1,https://x.com/Art0fThinking/status/1994413471723626628,,,0,0c1f24f8-21c6-4196-adfe-b0531e020904
2025-11-29T06:13:24.628Z,20,1,https://x.com/MentalUnleash/status/1994417475048591369,,,0,0c1f24f8-21c6-4196-adfe-b0531e020904
2025-11-29T06:13:58.572Z,20,0,,https://x.com/mindfulmaven_/status/1994572130113945983,"Wow, those numbers are looking good! Keep up the great work, Mindful Maven! 🌟 It's awesome to see your growth and engagement increasing. Keep shining bright!",1,0c1f24f8-21c6-4196-adfe-b0531e020904
2025-11-29T06:14:06.251Z,23,1,https://x.com/elonmusknews30/status/1994344845389828423,,,1,0c1f24f8-21c6-4196-adfe-b0531e020904
2025-11-29T06:14:10.268Z,24,1,https://x.com/Dearme2_/status/1994388885217136900,,,1,0c1f24f8-21c6-4196-adfe-b0531e020904
2025-11-29T06:15:17.079Z,52,1,https://x.com/elonmusk/status/1994631112509825523,,,1,0c1f24f8-21c6-4196-adfe-b0531e020904
2025-11-29T06:15:26.957Z,56,1,https://x.com/ohtrulypill/status/1994547581498921311,,,1,0c1f24f8-21c6-4196-adfe-b0531e020904
2025-11-29T06:15:31.190Z,57,1,https://x.com/deeepestmsgs/status/1994305464872653297,,,1,0c1f24f8-21c6-4196-adfe-b0531e020904
2025-11-29T06:16:03.480Z,60,0,,https://x.com/mindfulmaven_/status/1994587206019580141,"Wow, those numbers are impressive! Looks like you're making a big impact. Keep up the great work! 🚀",2,0c1f24f8-21c6-4196-adfe-b0531e020904
2025-11-29T06:16:07.254Z,61,1,https://x.com/narendramodi/status/1994427966630371520,,,2,0c1f24f8-21c6-4196-adfe-b0531e020904
2025-11-29T06:16:17.185Z,65,1,https://x.com/PsycheWizard/status/1994454993873605022,,,2,0c1f24f8-21c6-4196-adfe-b0531e020904
2025-11-29T06:16:21.422Z,66,1,https://x.com/FreakyTheory/status/1994280468259459242,,,2,0c1f24f8-21c6-4196-adfe-b0531e020904
2025-11-29T06:16:31.079Z,70,1,https://x.com/Dearme2_/status/1994332702036619479,,,2,0c1f24f8-21c6-4196-adfe-b0531e020904
2025-11-29T06:16:42.754Z,75,1,https://x.com/Wisdom_HQ/status/1994519166603198550,,,2,0c1f24f8-21c6-4196-adfe-b0531e020904
2025-11-29T06:16:52.866Z,79,1,https://x.com/WisdomStoics/status/1994371344637809077,,,2,0c1f24f8-21c6-4196-adfe-b0531e020904
2025-11-29T06:17:29.947Z,80,0,,https://x.com/SenecaQuote/status/1994315061704245269,"Wow, that's a powerful quote from Seneca the Younger! His wisdom is truly timeless. It's amazing how his words continue to resonate through the centuries. Thank you for sharing this gem.",3,0c1f24f8-21c6-4196-adfe-b0531e020904
2025-11-29T06:17:33.741Z,81,1,https://x.com/elonmusk/status/1994630956779450419,,,3,0c1f24f8-21c6-4196-adfe-b0531e020904
2025-11-29T06:17:49.633Z,88,1,https://x.com/Dearme2_/status/1994643470238314829,,,3,0c1f24f8-21c6-4196-adfe-b0531e020904
2025-11-29T06:18:01.468Z,93,1,https://x.com/WisdomStoics/status/1994428491820122477,,,3,0c1f24f8-21c6-4196-adfe-b0531e020904
2025-11-29T06:18:13.155Z,98,1,https://x.com/the_quiet_pages/status/1994062319819858378,,,3,0c1f24f8-21c6-4196-adfe-b0531e020904
2025-11-29T06:18:40.335Z,106,1,https://x.com/deeepestmsgs/status/1994001832608452632,,,3,0c1f24f8-21c6-4196-adfe-b0531e020904
2025-11-29T06:18:46.651Z,108,1,https://x.com/Art0fThinking/status/1994467577460838412,,,3,0c1f24f8-21c6-4196-adfe-b0531e020904
2025-11-29T06:19:13.104Z,120,1,https://x.com/introvertsmemes/status/1994525964534255699,,,3,0c1f24f8-21c6-4196-adfe-b0531e020904
2025-11-29T06:19:21.623Z,123,1,https://x.com/SeekWiser_/status/1994097019603063078,,,3,0c1f24f8-21c6-4196-adfe-b0531e020904
2025-11-29T06:19:34.301Z,128,1,https://x.com/narendramodi/status/1994438492659794253,,,3,0c1f24f8-21c6-4196-adfe-b0531e020904
2025-11-29T06:19:40.318Z,130,1,https://x.com/SeffSaid/status/1994290408613138840,,,3,0c1f24f8-21c6-4196-adfe-b0531e020904
2025-11-29T06:19:50.394Z,134,1,https://x.com/honeymoon250/status/1994379700580573640,,,3,0c1f24f8-21c6-4196-adfe-b0531e020904
2025-11-29T06:19:58.382Z,137,1,https://x.com/Life__Mastery/status/1994302765250793965,,,3,0c1f24f8-21c6-4196-adfe-b0531e020904
2025-11-29T06:20:38.339Z,140,0,,https://x.com/EzuieQuotes/status/1994495761732784538,"Wow, these numbers are impressive! Motivational quotes are always a great way to start the day or give you that extra push when you need it. Keep spreading positivity!",4,0c1f24f8-21c6-4196-adfe-b0531e020904
2025-11-29T06:20:46.527Z,143,1,https://x.com/SenecaQuote/status/1993983374575186175,,,4,0c1f24f8-21c6-4196-adfe-b0531e020904
2025-11-29T06:20:58.400Z,148,1,https://x.com/Mind_Essentials/status/1994526719483740234,,,4,0c1f24f8-21c6-4196-adfe-b0531e020904
2025-11-29T06:21:15.841Z,152,1,https://x.com/elonmusk/status/1994651674221449410,,,4,0c1f24f8-21c6-4196-adfe-b0531e020904
2025-11-29T06:21:27.663Z,157,1,https://x.com/DearS_o_n/status/1994351274167357812,,,4,0c1f24f8-21c6-4196-adfe-b0531e020904
2025-11-29T06:22:09.602Z,160,0,,https://x.com/SeffSaid/status/1994445934072054062,"Wow, so many people resonating with the inspirational quotes you're sharing! That's amazing to see the positive impact your words are having. Keep spreading that motivation and positivity! 🌟",5,0c1f24f8-21c6-4196-adfe-b0531e020904
2025-11-29T06:22:23.513Z,166,1,https://x.com/FreakyTheory/status/1994596676699656487,,,5,0c1f24f8-21c6-4196-adfe-b0531e020904
2025-11-29T06:22:27.590Z,167,1,https://x.com/Dearme2_/status/1994634124615647307,,,5,0c1f24f8-21c6-4196-adfe-b0531e020904
2025-11-29T06:23:19.649Z,180,0,,https://x.com/Dearme2_/status/1994634124615647307,"Absolutely, keeping it real is always the way to go! 🙌 It's important to have those honest conversations.",6,0c1f24f8-21c6-4196-adfe-b0531e020904
2025-11-29T06:23:23.436Z,181,1,https://x.com/FreakyTheory/status/1994627378979770438,,,6,0c1f24f8-21c6-4196-adfe-b0531e020904
2025-11-29T06:23:58.564Z,197,1,https://x.com/disappear30/status/1994329495982231991,,,6,0c1f24f8-21c6-4196-adfe-b0531e020904
2025-11-29T06:24:02.370Z,198,1,https://x.com/MindMatterMoney/status/1994315213135339763,,,6,0c1f24f8-21c6-4196-adfe-b0531e020904
2025-11-29T06:24:35.474Z,200,0,,https://x.com/anxietymsgs/status/1994638343775424562,"Wow, those numbers are speaking volumes! It's interesting how simple stats can evoke so many emotions. Hope everything is okay on your end!",7,0c1f24f8-21c6-4196-adfe-b0531e020904
2025-11-29T06:24:51.102Z,203,1,https://x.com/FreakyTheory/status/1994550623547576630,,,7,0c1f24f8-21c6-4196-adfe-b0531e020904
2025-11-29T06:25:07.442Z,210,1,https://x.com/deeepestmsgs/status/1994547749405298737,,,7,0c1f24f8-21c6-4196-adfe-b0531e020904
2025-11-29T06:26:02.431Z,220,0,,https://x.com/ohanxiety/status/1994357039363924273,"Hey there! It's totally okay to feel anxious sometimes. Remember to take deep breaths, practice self-care, and reach out for support if you need it. You're not alone in this. 🌟",8,0c1f24f8-21c6-4196-adfe-b0531e020904
2025-11-29T06:26:06.153Z,221,1,https://x.com/SeffSaid/status/1994195282133963193,,,8,0c1f24f8-21c6-4196-adfe-b0531e020904
2025-11-29T06:27:18.881Z,240,0,,https://x.com/SeffSaid/status/1994195282133963193,"Wow, I love inspirational quotes! They have a way of lifting your spirits and motivating you. Do you have a favorite one that always keeps you going? Share it if you do! 🌟",9,0c1f24f8-21c6-4196-adfe-b0531e020904
2025-11-29T06:27:25.246Z,242,1,https://x.com/EzuieQuotes/status/1994604981660356973,,,9,0c1f24f8-21c6-4196-adfe-b0531e020904
2025-11-29T06:27:37.292Z,247,1,https://x.com/MindMatterMoney/status/1994430355349369222,,,9,0c1f24f8-21c6-4196-adfe-b0531e020904
2025-11-29T06:27:43.580Z,249,1,https://x.com/ManOfFocus_/status/1994355773627834557,,,9,0c1f24f8-21c6-4196-adfe-b0531e020904
2025-11-29T06:27:47.098Z,250,1,https://x.com/Life__Mastery/status/1994193721869451583,,,9,0c1f24f8-21c6-4196-adfe-b0531e020904
2025-11-29T06:28:11.377Z,257,1,https://x.com/itswords_/status/1994421269853602281,,,9,0c1f24f8-21c6-4196-adfe-b0531e020904
2025-11-29T06:28:19.371Z,260,1,https://x.com/ohtrulypill/status/1994017169672482827,,,9,0c1f24f8-21c6-4196-adfe-b0531e020904
2025-11-29T06:28:46.280Z,260,0,,https://x.com/thinkingminds1/status/1994348298874786227,"Wow, those numbers are climbing! Looks like your content is really resonating with your audience. Keep up the great work! 🚀📈",10,0c1f24f8-21c6-4196-adfe-b0531e020904
2025-11-29T06:28:50.123Z,261,1,https://x.com/Dearme2_/status/1994454654193664438,,,10,0c1f24f8-21c6-4196-adfe-b0531e020904
2025-11-29T06:28:54.241Z,262,1,https://x.com/mindfulmaven_/status/1994619872027054103,,,10,0c1f24f8-21c6-4196-adfe-b0531e020904
2025-11-29T06:29:08.662Z,268,1,https://x.com/EzuieQuotes/status/1994025664312430614,,,10,0c1f24f8-21c6-4196-adfe-b0531e020904
2025-11-29T06:30:09.302Z,280,0,,https://x.com/EzuieQuotes/status/1994025664312430614,Motivational quotes are always a great way to start the day! They have a way of lifting your spirits and giving you that extra push you need. Which one resonated with you the most today? ☀️✨,11,0c1f24f8-21c6-4196-adfe-b0531e020904
2025-11-29T06:30:17.024Z,283,1,https://x.com/Mind_Essentials/status/1994519167458771390,,,11,0c1f24f8-21c6-4196-adfe-b0531e020904
2025-11-29T06:30:23.116Z,285,1,https://x.com/MindMatterMoney/status/1994646823986954453,,,11,0c1f24f8-21c6-4196-adfe-b0531e020904
2025-11-29T06:30:32.818Z,289,1,https://x.com/ohtrulypill/status/1994443718938472518,,,11,0c1f24f8-21c6-4196-adfe-b0531e020904
2025-11-29T06:30:39.028Z,291,1,https://x.com/elonmusk/status/1994654464284783019,,,11,0c1f24f8-21c6-4196-adfe-b0531e020904
2025-11-29T06:31:17.511Z,305,1,https://x.com/overmind01/status/1994648765135982875,,,11,0c1f24f8-21c6-4196-adfe-b0531e020904
2025-11-29T06:31:21.476Z,306,1,https://x.com/itswords_/status/1994519167249387986,,,11,0c1f24f8-21c6-4196-adfe-b0531e020904
2025-11-29T06:31:33.840Z,311,1,https://x.com/Art0fLife_/status/1994397637198467472,,,11,0c1f24f8-21c6-4196-adfe-b0531e020904
2025-11-29T06:31:37.740Z,312,1,https://x.com/mindfulmaven_/status/1994300321732993243,,,11,0c1f24f8-21c6-4196-adfe-b0531e020904
2025-11-29T06:31:47.975Z,316,1,https://x.com/ManlinessNorms/status/1994432748065620342,,,11,0c1f24f8-21c6-4196-adfe-b0531e020904
2025-11-29T06:31:53.548Z,318,1,https://x.com/Broken_Dreamszz/status/1994235582428459264,,,11,0c1f24f8-21c6-4196-adfe-b0531e020904
2025-11-29T06:32:37.547Z,320,0,,https://x.com/trustgodbrah/status/1994620353654788302,"Wow, numbers popping up like a secret code! 🤔 Maybe it's a sign from the universe or just a cool coincidence. Either way, trust in the journey ahead, my friend! 🌟 #TrustTheProcess",12,0c1f24f8-21c6-4196-adfe-b0531e020904
2025-11-29T06:32:43.237Z,322,1,https://x.com/thinkingminds1/status/1994603227724025946,,,12,0c1f24f8-21c6-4196-adfe-b0531e020904
2025-11-29T06:32:53.914Z,326,1,https://x.com/EzuieQuotes/status/1994276064130892211,,,12,0c1f24f8-21c6-4196-adfe-b0531e020904
2025-11-29T06:33:00.025Z,328,1,https://x.com/FreakyTheory/status/1994188235548029236,,,12,0c1f24f8-21c6-4196-adfe-b0531e020904
2025-11-29T06:33:12.347Z,333,1,https://x.com/mindfulmaven_/status/1994485263674826766,,,12,0c1f24f8-21c6-4196-adfe-b0531e020904
2025-11-29T06:33:56.717Z,340,0,,https://x.com/Daz28852372/status/1994410293469061537,Interesting numbers! Looks like a sequence or code. Maybe it's a hidden message or a math puzzle? 🤔 What do you think these numbers could represent?,13,0c1f24f8-21c6-4196-adfe-b0531e020904
2025-11-29T06:34:04.669Z,343,1,https://x.com/ohtrulypill/status/1994230499607228830,,,13,0c1f24f8-21c6-4196-adfe-b0531e020904
2025-11-29T06:34:14.319Z,347,1,https://x.com/eternaltxts/status/1994472870802506017,,,13,0c1f24f8-21c6-4196-adfe-b0531e020904
2025-11-29T06:34:33.605Z,352,1,https://x.com/DearS_o_n/status/1994651228127858957,,,13,0c1f24f8-21c6-4196-adfe-b0531e020904
2025-11-29T06:34:51.680Z,360,1,https://x.com/Art0fLife_/status/1994542844099358776,,,13,0c1f24f8-21c6-4196-adfe-b0531e020904
2025-11-29T06:35:18.620Z,360,0,,https://x.com/Art0fLife_/status/1994542844099358776,"Wow, those numbers are impressive! It looks like your content is resonating with a lot of people. Keep up the great work! 🎨👏",14,0c1f24f8-21c6-4196-adfe-b0531e020904
2025-11-29T06:35:22.463Z,361,1,https://x.com/aramco/status/1991824535554040202/analytics,,,14,0c1f24f8-21c6-4196-adfe-b0531e020904
2025-11-29T06:35:30.103Z,364,1,https://x.com/SeffSaid/status/1994016862020223019,,,14,0c1f24f8-21c6-4196-adfe-b0531e020904
2025-11-29T06:35:46.199Z,371,1,https://x.com/ActionableMind/status/1994026376069013512,,,14,0c1f24f8-21c6-4196-adfe-b0531e020904
2025-11-29T06:35:50.051Z,372,1,https://x.com/_SuccessMinded_/status/1994449204937453814,,,14,0c1f24f8-21c6-4196-adfe-b0531e020904
2025-11-29T06:35:56.100Z,374,1,https://x.com/itswords_/status/1994571951520817279,,,14,0c1f24f8-21c6-4196-adfe-b0531e020904
2025-11-29T06:36:02.169Z,376,1,https://x.com/ManlinessNorms/status/1994628052845023232,,,14,0c1f24f8-21c6-4196-adfe-b0531e020904
2025-11-29T06:36:09.962Z,379,1,https://x.com/SenecaQuote/status/1994500812773396807,,,14,0c1f24f8-21c6-4196-adfe-b0531e020904
2025-11-29T06:36:54.595Z,380,0,,https://x.com/PsycheWizard/status/1994344503755317517,Absolutely agree! Setting boundaries is crucial for maintaining healthy relationships. It's all about finding that balance between kindness and self-respect. Boundaries help us navigate through life with grace and respect for ourselves and others.,15,0c1f24f8-21c6-4196-adfe-b0531e020904
2025-11-29T06:37:08.465Z,386,1,https://x.com/ManlinessNorms/status/1994459037308465174,,,15,0c1f24f8-21c6-4196-adfe-b0531e020904
2025-11-29T06:37:24.129Z,393,1,https://x.com/Naija_PR/status/1994450682615660663,,,15,0c1f24f8-21c6-4196-adfe-b0531e020904
2025-11-29T06:37:28.318Z,394,1,https://x.com/TheeStarseed/status/1994348975080559012,,,15,0c1f24f8-21c6-4196-adfe-b0531e020904
2025-11-29T06:38:13.035Z,400,0,,https://x.com/WisdomStoics/status/1994263892642451725,"Absolutely! Gratitude is like magic for the soul. It helps us see the beauty in everything around us, even during tough times. Keep spreading those positive vibes! 🌟",16,0c1f24f8-21c6-4196-adfe-b0531e020904
2025-11-29T06:38:33.818Z,406,1,https://x.com/bitget/status/1985295484198805843/analytics,,,16,0c1f24f8-21c6-4196-adfe-b0531e020904
2025-11-29T06:38:49.842Z,413,1,https://x.com/FreakyTheory/status/1994476887515472054,,,16,0c1f24f8-21c6-4196-adfe-b0531e020904
2025-11-29T06:39:00.062Z,417,1,https://x.com/overmind01/status/1994413469668716790,,,16,0c1f24f8-21c6-4196-adfe-b0531e020904
2025-11-29T06:39:31.294Z,420,0,,https://x.com/dailystoic/status/1994164381110985109,"Wow, those numbers are impressive! It's great to see the Daily Stoic community growing. Keep up the good work! 🌟",17,0c1f24f8-21c6-4196-adfe-b0531e020904
2025-11-29T06:39:51.168Z,429,1,https://x.com/WisdomStoics/status/1994654378398232698,,,17,0c1f24f8-21c6-4196-adfe-b0531e020904
2025-11-29T06:40:09.458Z,437,1,https://x.com/YourPrimePath/status/1994619074387873837,,,17,0c1f24f8-21c6-4196-adfe-b0531e020904
2025-11-29T06:40:15.555Z,439,1,https://x.com/itswords_/status/1994466323435590062,,,17,0c1f24f8-21c6-4196-adfe-b0531e020904
2025-11-29T06:40:52.723Z,440,0,,https://x.com/Holy__Bible1/status/1994653213979742420,"Wow, those numbers really caught my eye! It's amazing to see how impactful and timeless the messages in the Holy Bible are. Each verse holds so much wisdom and guidance for us all. 📖✨",18,0c1f24f8-21c6-4196-adfe-b0531e020904
2025-11-29T06:40:56.544Z,441,1,https://x.com/SeffSaid/status/1994477139190522014,,,18,0c1f24f8-21c6-4196-adfe-b0531e020904
2025-11-29T06:41:15.172Z,449,1,https://x.com/Feebate_io/status/1994376469444002138/photo/1,,,18,0c1f24f8-21c6-4196-adfe-b0531e020904
2025-11-29T06:41:43.823Z,458,1,https://x.com/HUAWEI_TECH4ALL/status/1983180120241434956/photo/1,,,18,0c1f24f8-21c6-4196-adfe-b0531e020904
2025-11-29T06:41:49.317Z,460,1,https://x.com/itswords_/status/1994239963463078236,,,18,0c1f24f8-21c6-4196-adfe-b0531e020904
2025-11-29T06:42:04.361Z,466,1,https://x.com/mindsetofstoics/status/1994375894832488885,,,18,0c1f24f8-21c6-4196-adfe-b0531e020904
2025-11-29T06:42:16.209Z,471,1,https://x.com/TheeStarseed/status/1994445521377734733,,,18,0c1f24f8-21c6-4196-adfe-b0531e020904
2025-11-29T06:42:44.777Z,484,1,https://x.com/ManOfFocus_/status/1994645106889216138,,,18,0c1f24f8-21c6-4196-adfe-b0531e020904
2025-11-29T06:42:50.279Z,486,1,https://x.com/TheeStarseed/status/1994502751368405135,,,18,0c1f24f8-21c6-4196-adfe-b0531e020904
2025-11-29T06:42:54.272Z,487,1,https://x.com/LumenX_/status/1993987474536976791,,,18,0c1f24f8-21c6-4196-adfe-b0531e020904
2025-11-29T06:43:02.317Z,490,1,https://x.com/motivational/status/1994546186842509382,,,18,0c1f24f8-21c6-4196-adfe-b0531e020904
2025-11-29T06:43:06.361Z,491,1,https://x.com/lovedropx/status/1994267150174003604,,,18,0c1f24f8-21c6-4196-adfe-b0531e020904
2025-11-29T06:43:12.228Z,493,1,https://x.com/QuoteJung/status/1994304107411067388,,,18,0c1f24f8-21c6-4196-adfe-b0531e020904
2025-11-29T06:43:18.245Z,495,1,https://x.com/RespectfulMemes/status/1994413470322688191,,,18,0c1f24f8-21c6-4196-adfe-b0531e020904
2025-11-29T06:43:22.177Z,496,1,https://x.com/Naija_PR/status/1994147741044510994,,,18,0c1f24f8-21c6-4196-adfe-b0531e020904
2025-11-29T06:43:30.232Z,499,1,https://x.com/trustgodbrah/status/1994412212002111726,,,18,0c1f24f8-21c6-4196-adfe-b0531e020904
2025-11-29T06:44:03.976Z,500,0,,https://x.com/Mind_Essentials/status/1994624862497784013,"Wow, those numbers are intriguing! It's like a little puzzle waiting to be solved. I wonder what the sequence means or represents. 🤔 It's got my curiosity piqued!",19,0c1f24f8-21c6-4196-adfe-b0531e020904
2025-11-29T06:44:19.195Z,503,1,https://x.com/MindMatterMoney/status/1994356304446378016,,,19,0c1f24f8-21c6-4196-adfe-b0531e020904
2025-11-29T06:44:25.210Z,505,1,https://x.com/universevibe_/status/1994398373387067630,,,19,0c1f24f8-21c6-4196-adfe-b0531e020904
2025-11-29T06:44:31.404Z,507,1,https://x.com/ManlinessNorms/status/1994425638204379400,,,19,0c1f24f8-21c6-4196-adfe-b0531e020904
2025-11-29T06:44:35.146Z,508,1,https://x.com/trustgodbrah/status/1994412319376367678,,,19,0c1f24f8-21c6-4196-adfe-b0531e020904
2025-11-29T06:44:45.006Z,512,1,https://x.com/_SuccessMinded_/status/1994585477836661216,,,19,0c1f24f8-21c6-4196-adfe-b0531e020904
2025-11-29T06:44:48.804Z,513,1,https://x.com/YourPrimePath/status/1994481669110469056,,,19,0c1f24f8-21c6-4196-adfe-b0531e020904
2025-11-29T06:45:09.044Z,522,1,https://x.com/trustgodbrah/status/1994271035747655913,,,19,0c1f24f8-21c6-4196-adfe-b0531e020904
2025-11-29T06:45:21.216Z,527,1,https://x.com/TheeStarseed/status/1994500344441917801,,,19,0c1f24f8-21c6-4196-adfe-b0531e020904
2025-11-29T06:45:45.818Z,538,1,https://x.com/Abisco__/status/1994490240728535081,,,19,0c1f24f8-21c6-4196-adfe-b0531e020904
2025-11-29T06:46:01.991Z,545,1,https://x.com/trustgodbrah/status/1994567256278536677,,,19,0c1f24f8-21c6-4196-adfe-b0531e020904
2025-11-29T06:46:07.998Z,547,1,https://x.com/Holy__Bible1/status/1994267933099360761,,,19,0c1f24f8-21c6-4196-adfe-b0531e020904
2025-11-29T06:46:25.243Z,551,1,https://x.com/trustgodbrah/status/1994142836678361330,,,19,0c1f24f8-21c6-4196-adfe-b0531e020904
2025-12-01T05:07:43.820Z,2,1,https://x.com/PsycheWizard/status/1995141661803053341,,,0,4745180f-6648-4a90-a43d-2891c349d3ee
2025-12-01T05:08:15.925Z,17,1,https://x.com/Daz28852372/status/1995035769833230651,,,0,4745180f-6648-4a90-a43d-2891c349d3ee
2025-12-01T05:08:47.705Z,20,0,,https://x.com/thinkingminds1/status/1995088424814977064,"Wow, those numbers are impressive! It looks like you're getting a lot of engagement on your posts. Keep up the great work! 🚀📈",1,4745180f-6648-4a90-a43d-2891c349d3ee
2025-12-01T05:08:59.188Z,25,1,https://x.com/SucceededMind/status/1995070327983050865,,,1,4745180f-6648-4a90-a43d-2891c349d3ee
2025-12-01T05:09:04.889Z,27,1,https://x.com/SenecaQuote/status/1995066555457998851,,,1,4745180f-6648-4a90-a43d-2891c349d3ee
2025-12-01T05:09:13.152Z,30,1,https://x.com/SavageSoulEcho/status/1995135024597807310,,,1,4745180f-6648-4a90-a43d-2891c349d3ee
2025-12-01T05:09:22.661Z,34,1,https://x.com/Mind_Essentials/status/1995025003428155755,,,1,4745180f-6648-4a90-a43d-2891c349d3ee
2025-12-01T05:09:26.582Z,35,1,https://x.com/Universe_Harmon/status/1995198645029707945,,,1,4745180f-6648-4a90-a43d-2891c349d3ee
2025-12-01T05:09:30.257Z,36,1,https://x.com/Dearme2_/status/1995024549604409851,,,1,4745180f-6648-4a90-a43d-2891c349d3ee
2025-12-01T05:10:09.344Z,40,0,,https://x.com/thinkingminds1/status/1995088424814977064,"Wow, those numbers are quite the rollercoaster! 🎢 It must be exciting to see the growth over time. Keep up the great work, and here's to even more milestones ahead! 🚀",2,4745180f-6648-4a90-a43d-2891c349d3ee
2025-12-01T05:10:17.712Z,43,1,https://x.com/Art0fLife_/status/1995046420110331937,,,2,4745180f-6648-4a90-a43d-2891c349d3ee
2025-12-01T05:10:25.531Z,46,1,https://x.com/SeekWiser_/status/1995151701117227323,,,2,4745180f-6648-4a90-a43d-2891c349d3ee
2025-12-01T05:10:35.531Z,50,1,https://x.com/MindMatterMoney/status/1994983331935723734,,,2,4745180f-6648-4a90-a43d-2891c349d3ee
2025-12-01T05:10:52.136Z,54,1,https://x.com/SeffSaid/status/1995189332081025437,,,2,4745180f-6648-4a90-a43d-2891c349d3ee
2025-12-01T05:10:57.826Z,56,1,https://x.com/LIVEpositivity/status/1995039681637990870,,,2,4745180f-6648-4a90-a43d-2891c349d3ee
2025-12-01T05:11:14.311Z,63,1,https://x.com/DearS_o_n/status/1995089588428378230,,,2,4745180f-6648-4a90-a43d-2891c349d3ee
2025-12-01T05:11:22.914Z,66,1,https://x.com/FreakyTheory/status/1994882308822761655/photo/1,,,2,4745180f-6648-4a90-a43d-2891c349d3ee
2025-12-01T05:11:35.046Z,71,1,https://x.com/EzuieQuotes/status/1994667896077947337,,,2,4745180f-6648-4a90-a43d-2891c349d3ee
2025-12-01T05:11:51.822Z,77,1,https://x.com/ProxyCheap/status/1989340935650480506,,,2,4745180f-6648-4a90-a43d-2891c349d3ee
2025-12-01T05:12:11.697Z,84,1,https://x.com/RichardABr5228/status/1994294665508487419,,,2,4745180f-6648-4a90-a43d-2891c349d3ee
2025-12-01T05:12:19.807Z,87,1,https://x.com/RichardABr5228/status/1994321953079824507,,,2,4745180f-6648-4a90-a43d-2891c349d3ee
2025-12-01T05:13:25.659Z,100,0,,https://x.com/_SuccessMinded_/status/1995090430749204589,"Oh, December, you bring such a magical atmosphere with your cozy vibes and festive spirit. Here's to hot cocoa, twinkling lights, and making unforgettable memories. 🎄❄️ #DecemberMagic",3,4745180f-6648-4a90-a43d-2891c349d3ee
2025-12-01T10:08:30.698Z,8,1,https://x.com/anxietymsgs/status/1995304339687047597,,,0,1e516f7e-1948-4ce4-96f5-6bef0c508382
2025-12-01T10:08:57.804Z,20,1,https://x.com/dtop1percentmen/status/1995131968229433346,,,0,1e516f7e-1948-4ce4-96f5-6bef0c508382
2025-12-01T10:09:31.671Z,20,0,,https://x.com/EzuieQuotes/status/1994762268165185611,I love a good motivational quote to start the day on a positive note! Do you have a favorite one that always gets you pumped up and ready to conquer the day? Feel free to share it! 🌟,1,1e516f7e-1948-4ce4-96f5-6bef0c508382
2025-12-01T10:09:59.927Z,33,1,https://x.com/FreakyTheory/status/1995306101433110771,,,1,1e516f7e-1948-4ce4-96f5-6bef0c508382
2025-12-01T10:10:30.728Z,47,1,https://x.com/BybitSouthasia/status/1987774061116887192/analytics,,,1,1e516f7e-1948-4ce4-96f5-6bef0c508382
2025-12-01T10:10:52.555Z,53,1,https://x.com/FreakyTheory/status/1995155609977507841,,,1,1e516f7e-1948-4ce4-96f5-6bef0c508382
2025-12-01T10:11:15.573Z,63,1,https://x.com/insidemanifest/status/1995394937551249434,,,1,1e516f7e-1948-4ce4-96f5-6bef0c508382
2025-12-01T10:11:19.725Z,64,1,https://x.com/itswords_/status/1995221295483543968,,,1,1e516f7e-1948-4ce4-96f5-6bef0c508382
2025-12-01T10:11:29.429Z,68,1,https://x.com/anxietymsgs/status/1995213743089987729,,,1,1e516f7e-1948-4ce4-96f5-6bef0c508382
2025-12-01T10:11:50.146Z,77,1,https://x.com/anxietymsgs/status/1995380243453088094,,,1,1e516f7e-1948-4ce4-96f5-6bef0c508382
2025-12-01T10:11:57.613Z,80,1,https://x.com/SeekWiser_/status/1995093530927374344,,,1,1e516f7e-1948-4ce4-96f5-6bef0c508382
2025-12-01T10:12:26.236Z,80,0,,https://x.com/SeekWiser_/status/1995093530927374344,"Wow, those numbers are impressive! Keep up the great work and continue sharing your wisdom with the world. Your content is making a difference! 🌟",2,1e516f7e-1948-4ce4-96f5-6bef0c508382
2025-12-01T10:13:37.678Z,100,0,,https://x.com/FreakyTheory/status/1995155609977507841,Absolutely! Trusting that everything unfolds as it should can bring a sense of peace and acceptance. It's all part of life's mysterious journey. 🌟,3,1e516f7e-1948-4ce4-96f5-6bef0c508382
2025-12-01T10:13:48.972Z,101,1,https://x.com/FreakyTheory/status/1994793222116446391,,,3,1e516f7e-1948-4ce4-96f5-6bef0c508382
2025-12-01T10:13:54.793Z,103,1,https://x.com/PsycheWizard/status/1995079823610552400,,,3,1e516f7e-1948-4ce4-96f5-6bef0c508382
2025-12-01T10:13:59.015Z,104,1,https://x.com/FreakyTheory/status/1995124907911344223,,,3,1e516f7e-1948-4ce4-96f5-6bef0c508382
2025-12-01T10:14:11.197Z,109,1,https://x.com/EpictetusSays/status/1995142061415178457,,,3,1e516f7e-1948-4ce4-96f5-6bef0c508382
2025-12-01T10:14:25.160Z,115,1,https://x.com/leantolearn/status/1995368584613380574,,,3,1e516f7e-1948-4ce4-96f5-6bef0c508382
2025-12-01T10:15:12.617Z,120,0,,https://x.com/Art0fThinking/status/1995321222175875486,"Wow, those numbers have me intrigued! 🤔 It's like a puzzle waiting to be solved. Each one must hold a special meaning or significance. The mystery behind them is fascinating! What do you think they represent?",4,1e516f7e-1948-4ce4-96f5-6bef0c508382
2025-12-01T10:15:40.720Z,133,1,https://x.com/itswords_/status/1995244068516033012,,,4,1e516f7e-1948-4ce4-96f5-6bef0c508382
2025-12-01T10:15:48.718Z,136,1,https://x.com/anxietymsgs/status/1995426549236150483,,,4,1e516f7e-1948-4ce4-96f5-6bef0c508382
2025-12-01T10:17:18.756Z,160,0,,https://x.com/SucceededMind/status/1995402539026825221,That's a lot of numbers in one tweet! Looks like a secret code or some kind of puzzle. Maybe it's a hint to unlock something exciting! 🤔 What do you think those numbers could represent?,5,1e516f7e-1948-4ce4-96f5-6bef0c508382
2025-12-01T10:17:30.583Z,165,1,https://x.com/FreakyTheory/status/1994777870795985017,,,5,1e516f7e-1948-4ce4-96f5-6bef0c508382
2025-12-01T10:17:38.638Z,168,1,https://x.com/MindMatterMoney/status/1995373950105465202,,,5,1e516f7e-1948-4ce4-96f5-6bef0c508382
2025-12-01T10:18:01.045Z,178,1,https://x.com/SucceededMind/status/1995402539026825221,,,5,1e516f7e-1948-4ce4-96f5-6bef0c508382
2025-12-01T10:18:06.825Z,180,1,https://x.com/Wisdom_HQ/status/1995274141277081862,,,5,1e516f7e-1948-4ce4-96f5-6bef0c508382
2025-12-01T10:18:33.618Z,180,0,,https://x.com/PositivitySaid/status/1995163788941935025,"Wow, those numbers are impressive! It looks like positivity is spreading far and wide. Keep up the great work! 🌟 #SpreadPositivity",6,1e516f7e-1948-4ce4-96f5-6bef0c508382
2025-12-01T10:18:37.306Z,181,1,https://x.com/anxietymsgs/status/1995168446229970988,,,6,1e516f7e-1948-4ce4-96f5-6bef0c508382
2025-12-01T10:18:43.206Z,183,1,https://x.com/itswords_/status/1995364788600447154,,,6,1e516f7e-1948-4ce4-96f5-6bef0c508382
2025-12-01T10:18:55.274Z,188,1,https://x.com/YourPrimePath/status/1995177504131469426,,,6,1e516f7e-1948-4ce4-96f5-6bef0c508382
2025-12-01T10:18:59.453Z,189,1,https://x.com/BotPhilosophyQ/status/1995144566173786522,,,6,1e516f7e-1948-4ce4-96f5-6bef0c508382
2025-12-01T10:19:05.547Z,191,1,https://x.com/EpictetusSays/status/1995142481126527108,,,6,1e516f7e-1948-4ce4-96f5-6bef0c508382
2025-12-01T10:19:21.958Z,198,1,https://x.com/Mind_Essentials/status/1995319439609479534,,,6,1e516f7e-1948-4ce4-96f5-6bef0c508382
2025-12-01T10:19:52.118Z,200,0,,https://x.com/deeepestmsgs/status/1995124364287602830,"Wow, those numbers are impressive! Your content must really be resonating with a lot of people. Keep up the great work! 🌟",7,1e516f7e-1948-4ce4-96f5-6bef0c508382
2025-12-01T10:20:03.065Z,201,1,https://x.com/FreakyTheory/status/1994808573264592969,,,7,1e516f7e-1948-4ce4-96f5-6bef0c508382
2025-12-01T10:20:07.079Z,202,1,https://x.com/elonmusk/status/1995028542669951306,,,7,1e516f7e-1948-4ce4-96f5-6bef0c508382
2025-12-01T10:20:25.262Z,210,1,https://x.com/MindMatterMoney/status/1995428369262170568,,,7,1e516f7e-1948-4ce4-96f5-6bef0c508382
2025-12-01T10:20:31.409Z,212,1,https://x.com/SeekWiser_/status/1995313420107944433,,,7,1e516f7e-1948-4ce4-96f5-6bef0c508382
2025-12-01T10:20:45.599Z,218,1,https://x.com/anxietymsgs/status/1995259045309972672,,,7,1e516f7e-1948-4ce4-96f5-6bef0c508382
2025-12-01T10:20:49.120Z,219,1,https://x.com/theamelia__/status/1995355426372644879,,,7,1e516f7e-1948-4ce4-96f5-6bef0c508382
2025-12-01T10:21:18.586Z,220,0,,https://x.com/dtop1percentmen/status/1995319466444435571,"Wow, those numbers are impressive! Looks like you've been putting in some serious work. Keep it up and you'll reach even greater heights! 🚀💪",8,1e516f7e-1948-4ce4-96f5-6bef0c508382
2025-12-02T05:09:55.831Z,5,1,https://x.com/MindMatterMoney/status/1995440600771084400,,,0,59047bc5-56b9-4f1f-ba8f-eff2116c0c5c
2025-12-02T05:10:06.115Z,9,1,https://x.com/Mind_Essentials/status/1995696927422205991,,,0,59047bc5-56b9-4f1f-ba8f-eff2116c0c5c
2025-12-02T05:10:22.623Z,16,1,https://x.com/realDonaldTrump/status/1995676855651664182,,,0,59047bc5-56b9-4f1f-ba8f-eff2116c0c5c
2025-12-02T05:10:28.818Z,18,1,https://x.com/ohhanxiety/status/1995475458754740649,,,0,59047bc5-56b9-4f1f-ba8f-eff2116c0c5c
2025-12-02T05:10:57.505Z,20,0,,https://x.com/PathOfMen_/status/1995681828871586067,"Wow, those numbers are looking great! Keep up the amazing work, you're on the right path! 👏🔥",1,59047bc5-56b9-4f1f-ba8f-eff2116c0c5c
2025-12-02T05:11:07.701Z,24,1,https://x.com/SeffSaid/status/1995690132574290319,,,1,59047bc5-56b9-4f1f-ba8f-eff2116c0c5c
2025-12-02T05:11:15.837Z,27,1,https://x.com/EzuieQuotes/status/1995612872886395318,,,1,59047bc5-56b9-4f1f-ba8f-eff2116c0c5c
2025-12-02T05:12:16.321Z,40,0,,https://x.com/EzuieQuotes/status/1995612872886395318,I love a good motivational quote! They always have a way of lifting my spirits and giving me that extra push when I need it. Do you have a favorite one that never fails to inspire you?,2,59047bc5-56b9-4f1f-ba8f-eff2116c0c5c
2025-12-02T05:12:25.969Z,44,1,https://x.com/itswords_/status/1995666775548330141,,,2,59047bc5-56b9-4f1f-ba8f-eff2116c0c5c
2025-12-02T05:13:06.101Z,59,1,https://x.com/MindMatterMoney/status/1995496983071707470,,,2,59047bc5-56b9-4f1f-ba8f-eff2116c0c5c
2025-12-02T05:13:09.947Z,60,1,https://x.com/ManOfFocus_/status/1995527188058439769,,,2,59047bc5-56b9-4f1f-ba8f-eff2116c0c5c
2025-12-02T05:13:36.186Z,60,0,,https://x.com/SeekWiser_/status/1995713440854237429,Looks like a mysterious code or maybe a secret message! 🧐 What's the story behind these numbers? Intriguing! 🤔🔍,3,59047bc5-56b9-4f1f-ba8f-eff2116c0c5c
2025-12-02T05:13:48.593Z,65,1,https://x.com/SeffSaid/status/1995501136581898746,,,3,59047bc5-56b9-4f1f-ba8f-eff2116c0c5c
2025-12-02T06:41:57.908Z,4,1,https://x.com/en_toyota/status/1993847449631543621/analytics,,,0,ef186124-70d8-4aae-96a6-3de421c838a4
2025-12-02T06:42:05.756Z,7,1,https://x.com/WisdomStoics/status/1995685473155723265,,,0,ef186124-70d8-4aae-96a6-3de421c838a4
2025-12-02T06:42:12.170Z,9,1,https://x.com/Mind_Essentials/status/1995625892098584933,,,0,ef186124-70d8-4aae-96a6-3de421c838a4
2025-12-02T06:43:02.382Z,20,0,,https://x.com/_thoughthub/status/1995538507939635685,"Wow, those numbers are impressive! Looks like you're generating great engagement and sparking some interesting thoughts. Keep up the great work! 🚀",1,ef186124-70d8-4aae-96a6-3de421c838a4
2025-12-02T06:43:16.460Z,26,1,https://x.com/MindMatterMoney/status/1995532391302173019,,,1,ef186124-70d8-4aae-96a6-3de421c838a4
2025-12-02T06:43:40.661Z,37,1,https://x.com/BookBriefsHQ/status/1995410037842624872,,,1,ef186124-70d8-4aae-96a6-3de421c838a4
2025-12-02T06:43:46.303Z,39,1,https://x.com/_thoughthub/status/1995538507939635685,,,1,ef186124-70d8-4aae-96a6-3de421c838a4
2025-12-02T06:43:50.272Z,40,1,https://x.com/SenecaQuote/status/1995712182051324186,,,1,ef186124-70d8-4aae-96a6-3de421c838a4
2025-12-02T06:44:16.327Z,40,0,,https://x.com/_thoughthub/status/1995538507939635685,"Wow, those numbers are speaking volumes! Looks like your content is really resonating with a lot of people. Keep up the great work! 🚀",2,ef186124-70d8-4aae-96a6-3de421c838a4
2025-12-02T06:44:22.265Z,42,1,https://x.com/Art0fThinking/status/1995666727821070433,,,2,ef186124-70d8-4aae-96a6-3de421c838a4
2025-12-02T06:44:32.233Z,46,1,https://x.com/LuciferHookHer/status/1995728426116825200,,,2,ef186124-70d8-4aae-96a6-3de421c838a4
2025-12-02T06:45:35.992Z,60,0,,https://x.com/eternaltxts/status/1995620428878852575,"Wow, those numbers really capture the range of emotions we experience every day! It's amazing how feelings can be so diverse yet interconnected. 🌟",3,ef186124-70d8-4aae-96a6-3de421c838a4
2025-12-02T06:45:54.123Z,68,1,https://x.com/ManlinessNorms/status/1995518497754161607,,,3,ef186124-70d8-4aae-96a6-3de421c838a4
2025-12-02T06:45:59.783Z,70,1,https://x.com/eternaltxts/status/1995620428878852575,,,3,ef186124-70d8-4aae-96a6-3de421c838a4
2025-12-02T06:46:03.879Z,71,1,https://x.com/itswords_/status/1995524455234404446,,,3,ef186124-70d8-4aae-96a6-3de421c838a4
2025-12-02T06:46:15.644Z,76,1,https://x.com/mindfulmaven_/status/1995598853962109411,,,3,ef186124-70d8-4aae-96a6-3de421c838a4
2025-12-02T06:46:23.138Z,79,1,https://x.com/deeepestmsgs/status/1995178902915010980,,,3,ef186124-70d8-4aae-96a6-3de421c838a4
2025-12-02T06:46:55.785Z,80,0,,https://x.com/MindWisdomMoney/status/1995469893630656575,"Wow, those numbers are really intriguing! I wonder what they represent. It's like a puzzle waiting to be solved. 🤔 What's the story behind these figures, Maxwell?",4,ef186124-70d8-4aae-96a6-3de421c838a4
2025-12-02T06:47:03.841Z,83,1,https://x.com/_thoughthub/status/1995478110448521512,,,4,ef186124-70d8-4aae-96a6-3de421c838a4
2025-12-02T06:47:09.786Z,85,1,https://x.com/ManOfFocus_/status/1995455023904346310,,,4,ef186124-70d8-4aae-96a6-3de421c838a4
2025-12-02T06:47:23.706Z,91,1,https://x.com/Gladiatorszonee/status/1995480289481499065,,,4,ef186124-70d8-4aae-96a6-3de421c838a4
2025-12-02T06:47:44.059Z,100,1,https://x.com/disappear30/status/1995426165952262546,,,4,ef186124-70d8-4aae-96a6-3de421c838a4
